WEO Country Code,ISO,WEO Subject Code,Country,Subject Descriptor,Units,Scale,1980,1981,1982,1983,1984,1985,1986,1987,1988,1989,1990,1991,1992,1993,1994,1995,1996,1997,1998,1999,2000,2001,2002,2003,2004,2005,2006,2007,2008,2009,2010,2011,2012,2013,2014,2015,2016,2017,2018,2019,2020,2021,2022,2023,2024,Estimates Start After
512,AFG,PCPI,Afghanistan,"Inflation, average consumer prices",Index,Units,n/a,n/a,n/a,n/a,n/a,n/a,n/a,n/a,n/a,n/a,n/a,n/a,n/a,n/a,n/a,n/a,n/a,n/a,n/a,n/a,n/a,n/a,31.263,42.413,49.351,54.566,58.269,63.327,80.057,74.604,76.229,85.227,90.717,97.417,101.97,101.296,105.736,110.998,111.693,114.264,120.671,130.038,143.822,132.728,n/a,2024
512,AFG,PCPIPCH,Afghanistan,"Inflation, average consumer prices",Percent change,Units,n/a,n/a,n/a,n/a,n/a,n/a,n/a,n/a,n/a,n/a,n/a,n/a,n/a,n/a,n/a,n/a,n/a,n/a,n/a,n/a,n/a,n/a,n/a,35.663,16.358,10.569,6.785,8.681,26.419,-6.811,2.179,11.804,6.441,7.386,4.674,-0.662,4.384,4.976,0.626,2.302,5.607,7.762,10.6,-7.714,n/a,2024
512,AFG,PCPIE,Afghanistan,"Inflation, end of period consumer prices",Index,Units,n/a,n/a,n/a,n/a,n/a,n/a,n/a,n/a,n/a,n/a,n/a,n/a,n/a,n/a,n/a,n/a,n/a,n/a,n/a,n/a,n/a,n/a,42.89,45.691,51.752,57.219,59.671,69.273,82.306,74.211,81.814,89.433,94.687,101.543,103.053,104.218,109,112.315,113.162,116.3,122.1,140.833,143.56,130.603,n/a,2024
512,AFG,PCPIEPCH,Afghanistan,"Inflation, end of period consumer prices",Percent change,Units,n/a,n/a,n/a,n/a,n/a,n/a,n/a,n/a,n/a,n/a,n/a,n/a,n/a,n/a,n/a,n/a,n/a,n/a,n/a,n/a,n/a,n/a,n/a,6.53,13.266,10.562,4.285,16.092,18.814,-9.836,10.246,9.312,5.875,7.241,1.487,1.131,4.588,3.041,0.755,2.773,4.987,15.342,1.936,-9.025,n/a,2024
914,ALB,PCPI,Albania,"Inflation, average consumer prices",Index,Units,n/a,n/a,n/a,n/a,n/a,n/a,n/a,n/a,n/a,3.391,3.385,4.594,14.976,27.706,33.958,36.605,41.266,54.953,66.298,66.556,66.582,68.66,72.231,73.938,76.058,77.855,79.7,82.059,84.775,86.667,89.8,92.892,94.783,96.608,98.167,100,101.287,103.297,105.393,106.88,108.613,110.831,118.286,123.927,126.685,2022
914,ALB,PCPIPCH,Albania,"Inflation, average consumer prices",Percent change,Units,n/a,n/a,n/a,n/a,n/a,n/a,n/a,n/a,n/a,n/a,-0.18,35.717,225.996,85.005,22.565,7.794,12.734,33.167,20.646,0.389,0.039,3.12,5.202,2.363,2.867,2.363,2.37,2.96,3.31,2.231,3.615,3.443,2.036,1.925,1.613,1.868,1.287,1.985,2.029,1.411,1.621,2.043,6.726,4.769,2.225,2022
914,ALB,PCPIE,Albania,"Inflation, end of period consumer prices",Index,Units,n/a,n/a,n/a,n/a,n/a,n/a,n/a,n/a,n/a,3.391,3.391,6.919,23.289,30.495,35.318,37.443,43.959,62.453,67.878,67.179,70.004,72.474,73.692,76.123,77.8,79.385,81.38,83.843,85.7,88.7,91.8,93.4,95.7,97.4,98.1,100,102.165,104.011,105.882,107.1,108.225,112.229,120.563,125.325,127.977,2022
914,ALB,PCPIEPCH,Albania,"Inflation, end of period consumer prices",Percent change,Units,n/a,n/a,n/a,n/a,n/a,n/a,n/a,n/a,n/a,n/a,0,104.047,236.58,30.941,15.818,6.015,17.402,42.073,8.686,-1.029,4.205,3.527,1.681,3.298,2.204,2.038,2.513,3.027,2.215,3.501,3.495,1.743,2.463,1.776,0.719,1.937,2.165,1.808,1.799,1.15,1.051,3.7,7.425,3.95,2.117,2022
612,DZA,PCPI,Algeria,"Inflation, average consumer prices",Index,Units,8.975,10.286,10.964,11.823,12.569,13.88,15.824,16.751,17.746,19.373,21.17,26.652,35.101,42.297,54.563,70.823,84.067,88.859,93.258,95.682,95.969,100,101.433,105.755,109.952,111.472,114.048,118.244,123.985,131.103,136.23,142.36,155.053,160.1,164.77,172.653,183.699,193.97,202.253,206.2,211.18,226.44,247.425,270.486,281.43,2024
612,DZA,PCPIPCH,Algeria,"Inflation, average consumer prices",Percent change,Units,9.668,14.61,6.593,7.835,6.31,10.432,14.007,5.857,5.938,9.172,9.272,25.9,31.7,20.5,29,29.8,18.7,5.7,4.95,2.6,0.3,4.2,1.433,4.261,3.968,1.382,2.311,3.679,4.855,5.741,3.911,4.5,8.916,3.255,2.917,4.784,6.398,5.591,4.27,1.952,2.415,7.226,9.267,9.32,4.046,2024
612,DZA,PCPIE,Algeria,"Inflation, end of period consumer prices",Index,Units,6.573,7.009,7.377,8.313,9.199,10.346,11.576,11.942,12.974,14.365,21.17,26.652,35.101,42.297,54.563,70.823,84.067,88.859,93.258,95.682,95.969,100,102.1,107.78,110.14,111.49,115.77,121.33,127.23,134.55,138.216,145.348,158.48,160.3,168.72,176.08,188.33,197.62,202.96,207.9,215.21,233.47,255.17,275.17,283.38,2024
612,DZA,PCPIEPCH,Algeria,"Inflation, end of period consumer prices",Percent change,Units,14.143,6.632,5.251,12.695,10.662,12.458,11.891,3.168,8.637,10.718,47.373,25.9,31.7,20.5,29,29.8,18.7,5.7,4.95,2.6,0.3,4.2,2.1,5.563,2.19,1.226,3.839,4.803,4.863,5.753,2.725,5.16,9.035,1.148,5.253,4.362,6.957,4.933,2.702,2.434,3.516,8.485,9.295,7.838,2.984,2024
171,AND,PCPI,Andorra,"Inflation, average consumer prices",Index,Units,n/a,n/a,n/a,n/a,n/a,n/a,n/a,n/a,n/a,n/a,n/a,n/a,n/a,n/a,n/a,n/a,n/a,n/a,n/a,n/a,n/a,72.611,74.882,77.17,79.413,82.213,85.241,87.508,91.312,90.201,91.74,94.081,95.461,95.914,95.822,94.737,94.337,96.777,97.741,98.259,98.35,99.999,106.202,112.157,115.604,2024
171,AND,PCPIPCH,Andorra,"Inflation, average consumer prices",Percent change,Units,n/a,n/a,n/a,n/a,n/a,n/a,n/a,n/a,n/a,n/a,n/a,n/a,n/a,n/a,n/a,n/a,n/a,n/a,n/a,n/a,n/a,n/a,3.127,3.056,2.906,3.527,3.682,2.659,4.347,-1.217,1.706,2.552,1.467,0.475,-0.096,-1.132,-0.422,2.586,0.996,0.53,0.092,1.677,6.203,5.607,3.074,2024
171,AND,PCPIE,Andorra,"Inflation, end of period consumer prices",Index,Units,n/a,n/a,n/a,n/a,n/a,n/a,n/a,n/a,n/a,n/a,n/a,n/a,n/a,n/a,n/a,n/a,n/a,n/a,n/a,n/a,n/a,73.73,75.99,78.09,80.68,83.32,85.83,89.33,90.12,91.02,92.57,94.57,95.57,95.74,94.91,94.41,95.3,97.56,98.05,98.98,98.44,101.67,108.94,113.91,116.88,2024
171,AND,PCPIEPCH,Andorra,"Inflation, end of period consumer prices",Percent change,Units,n/a,n/a,n/a,n/a,n/a,n/a,n/a,n/a,n/a,n/a,n/a,n/a,n/a,n/a,n/a,n/a,n/a,n/a,n/a,n/a,n/a,n/a,3.065,2.764,3.317,3.272,3.012,4.078,0.884,0.999,1.703,2.161,1.057,0.178,-0.867,-0.527,0.943,2.371,0.502,0.948,-0.546,3.281,7.151,4.562,2.607,2024
614,AGO,PCPI,Angola,"Inflation, average consumer prices",Index,Units,--,--,--,--,--,--,--,--,--,--,--,--,--,--,--,0.001,0.027,0.088,0.183,0.637,2.707,6.838,14.284,28.313,40.637,49.968,56.616,63.551,71.472,81.278,93.047,105.594,116.454,126.681,135.927,148.377,193.92,251.795,301.218,352.664,431.227,542.334,658.179,747.946,959.105,2024
614,AGO,PCPIPCH,Angola,"Inflation, average consumer prices",Percent change,Units,46.708,1.391,1.833,1.833,1.833,1.833,1.833,1.833,1.833,1.833,1.833,85.265,299.097,"1,379.48",949.771,"2,672.23","4,146.01",221.492,107.429,248.248,325.029,152.586,108.893,98.219,43.525,22.961,13.305,12.249,12.465,13.721,14.48,13.484,10.285,8.782,7.298,9.159,30.694,29.844,19.629,17.079,22.277,25.765,21.36,13.639,28.232,2024
614,AGO,PCPIE,Angola,"Inflation, end of period consumer prices",Index,Units,--,--,--,--,--,--,--,--,--,--,--,--,--,--,--,0.003,0.048,0.119,0.278,1.195,4.401,9.508,19.548,34.514,45.217,53.596,60.139,67.221,76.074,86.714,100,111.376,121.447,130.782,140.588,157.587,222.395,275.028,326.194,381.299,477.015,606.027,689.949,827.919,"1,055.66",2024
614,AGO,PCPIEPCH,Angola,"Inflation, end of period consumer prices",Percent change,Units,n/a,1.833,1.833,1.833,1.833,1.833,1.833,1.833,1.833,1.833,1.833,175.72,495.793,"1,837.87",971.954,"3,783.92","1,650.83",149.621,134.809,329.001,268.35,116.068,105.59,76.56,31.013,18.53,12.207,11.776,13.17,13.987,15.322,11.376,9.042,7.687,7.498,12.091,41.125,23.667,18.604,16.893,25.103,27.046,13.848,19.997,27.508,2024
311,ATG,PCPI,Antigua and Barbuda,"Inflation, average consumer prices",Index,Units,35.001,39.014,40.64,41.594,43.193,43.623,43.841,45.42,48.509,50.625,53.961,56.4,58.091,59.892,63.777,65.522,67.465,67.709,69.918,70.711,70.597,71.963,73.696,75.165,76.691,78.3,79.7,80.829,85.14,84.672,87.525,90.551,93.608,94.6,95.631,96.557,96.085,98.422,99.614,101.04,102.109,103.77,111.585,117.239,124.696,2023
311,ATG,PCPIPCH,Antigua and Barbuda,"Inflation, average consumer prices",Percent change,Units,18.999,11.465,4.17,2.346,3.844,0.996,0.5,3.602,6.8,4.362,6.591,4.518,3,3.1,6.485,2.737,2.965,0.362,3.262,1.135,-0.162,1.935,2.408,1.994,2.03,2.099,1.788,1.416,5.334,-0.55,3.37,3.457,3.377,1.059,1.089,0.969,-0.489,2.432,1.211,1.431,1.058,1.627,7.531,5.067,6.36,2023
311,ATG,PCPIE,Antigua and Barbuda,"Inflation, end of period consumer prices",Index,Units,42.273,45.299,46.485,47.932,49.475,49.119,50.085,53.001,55.925,58.654,63.265,65.293,67.162,66.796,66.878,66.032,68.136,67.371,70.51,71.284,71.592,72.261,74.104,75.445,77.524,79.495,79.502,83.661,84.27,86.292,88.816,92.408,94.107,95.103,96.365,97.233,96.143,98.408,100.12,100.81,103.61,104.87,114.57,118.33,125.43,2023
311,ATG,PCPIEPCH,Antigua and Barbuda,"Inflation, end of period consumer prices",Percent change,Units,17.71,7.16,2.617,3.114,3.219,-0.721,1.967,5.822,5.518,4.88,7.861,3.206,2.862,-0.545,0.123,-1.265,3.187,-1.124,4.66,1.098,0.432,0.935,2.55,1.809,2.756,2.543,0.009,5.23,0.728,2.399,2.925,4.044,1.839,1.059,1.327,0.9,-1.121,2.356,1.739,0.689,2.778,1.216,9.25,3.282,6,2023
213,ARG,PCPI,Argentina,"Inflation, average consumer prices",Index,Units,n/a,n/a,n/a,n/a,n/a,n/a,n/a,n/a,n/a,n/a,n/a,n/a,n/a,n/a,n/a,n/a,n/a,26.468,26.713,26.401,26.153,25.875,32.568,36.946,38.577,42.297,46.907,51.049,55.431,58.907,65.069,71.43,78.603,86.95,n/a,n/a,168.27,211.473,283.959,436.015,619.207,918.961,"1,584.57","3,699.80","11,835.09",2024
213,ARG,PCPIPCH,Argentina,"Inflation, average consumer prices",Percent change,Units,n/a,n/a,n/a,n/a,n/a,n/a,n/a,n/a,n/a,n/a,n/a,n/a,n/a,n/a,n/a,n/a,n/a,n/a,0.925,-1.167,-0.939,-1.065,25.869,13.443,4.416,9.642,10.898,8.83,8.585,6.27,10.461,9.775,10.043,10.619,n/a,n/a,n/a,25.675,34.277,53.548,42.015,48.409,72.431,133.489,219.885,2024
213,ARG,PCPIE,Argentina,"Inflation, end of period consumer prices",Index,Units,n/a,n/a,n/a,n/a,n/a,n/a,n/a,n/a,n/a,n/a,n/a,n/a,n/a,n/a,n/a,n/a,n/a,26.464,26.64,26.158,25.966,25.565,36.035,37.352,39.631,44.516,48.897,53.038,56.876,61.253,67.944,74.404,82.471,91.498,113.38,n/a,187.331,233.781,345.167,530.979,722.878,"1,091.12","2,125.43","6,618.76","14,413.26",2024
213,ARG,PCPIEPCH,Argentina,"Inflation, end of period consumer prices",Percent change,Units,n/a,n/a,n/a,n/a,n/a,n/a,n/a,n/a,n/a,n/a,n/a,n/a,n/a,n/a,n/a,n/a,n/a,n/a,0.664,-1.81,-0.734,-1.544,40.953,3.656,6.101,12.327,9.841,8.468,7.238,7.695,10.923,9.508,10.842,10.946,23.915,n/a,n/a,24.796,47.646,53.832,36.141,50.942,94.793,211.408,117.764,2024
911,ARM,PCPI,Armenia,"Inflation, average consumer prices",Index,Units,n/a,n/a,n/a,n/a,n/a,n/a,n/a,n/a,n/a,n/a,n/a,n/a,0.013,0.497,26.706,73.907,87.693,100,108.687,109.472,108.625,112.057,113.22,118.522,126.686,127.407,131.1,136.881,149.358,154.609,167.213,179.744,184.224,194.75,200.631,208.046,205.083,207.01,212.213,215.417,217.999,233.707,253.953,258.928,259.631,2022
911,ARM,PCPIPCH,Armenia,"Inflation, average consumer prices",Percent change,Units,n/a,n/a,n/a,n/a,n/a,n/a,n/a,n/a,n/a,n/a,n/a,n/a,n/a,"3,731.80","5,273.45",176.743,18.653,14.034,8.687,0.723,-0.774,3.16,1.038,4.682,6.889,0.569,2.899,4.409,9.115,3.516,8.152,7.494,2.492,5.714,3.02,3.696,-1.424,0.939,2.514,1.51,1.199,7.206,8.663,1.959,0.272,2022
911,ARM,PCPIE,Armenia,"Inflation, end of period consumer prices",Index,Units,n/a,n/a,n/a,n/a,n/a,n/a,n/a,n/a,n/a,n/a,n/a,n/a,0.029,3.205,63.605,83.918,88.793,108.161,106.874,109.091,109.547,112.645,114.875,124.693,127.033,126.765,133.41,142.229,149.833,159.792,174.701,182.811,188.49,199.038,208.132,207.749,205.315,210.899,214.55,216.052,224.046,241.297,261.325,259.757,263.654,2022
911,ARM,PCPIEPCH,Armenia,"Inflation, end of period consumer prices",Percent change,Units,n/a,n/a,n/a,n/a,n/a,n/a,n/a,n/a,n/a,n/a,n/a,n/a,n/a,"10,896.20","1,884.55",31.935,5.809,21.813,-1.191,2.075,0.418,2.828,1.98,8.546,1.877,-0.211,5.242,6.611,5.346,6.647,9.33,4.642,3.107,5.596,4.569,-0.184,-1.172,2.72,1.731,0.7,3.7,7.7,8.3,-0.6,1.5,2022
314,ABW,PCPI,Aruba,"Inflation, average consumer prices",Index,Units,n/a,n/a,n/a,n/a,n/a,n/a,37.995,39.378,40.607,42.227,44.692,47.173,48.999,51.557,54.797,56.667,58.463,60.22,61.343,62.738,65.294,67.178,69.405,71.942,73.762,76.268,79.021,83.279,90.741,88.802,90.647,94.613,95.153,92.896,93.288,93.729,92.858,91.903,95.235,98.985,97.687,98.413,103.848,107.34,109.178,2024
314,ABW,PCPIPCH,Aruba,"Inflation, average consumer prices",Percent change,Units,n/a,n/a,n/a,n/a,n/a,n/a,n/a,3.639,3.121,3.989,5.838,5.553,3.87,5.219,6.284,3.413,3.169,3.006,1.865,2.274,4.074,2.884,3.316,3.655,2.53,3.397,3.61,5.389,8.96,-2.137,2.078,4.375,0.571,-2.372,0.423,0.473,-0.929,-1.028,3.625,3.938,-1.312,0.744,5.522,3.363,1.712,2024
314,ABW,PCPIE,Aruba,"Inflation, end of period consumer prices",Index,Units,n/a,n/a,n/a,n/a,n/a,n/a,38.43,39.77,41.34,43.12,46.18,47.9,50.04,53.25,55.74,57.48,59.26,60.91,61.76,64.06,66.33,68,70.83,72.45,74.46,77.28,79.22,87.08,85.46,91.25,90.59,96.14,92.57,92.64,94.68,93.8,92.98,92.55,96.67,100.13,97.06,100.6,106.37,108.79,109.071,2024
314,ABW,PCPIEPCH,Aruba,"Inflation, end of period consumer prices",Percent change,Units,n/a,n/a,n/a,n/a,n/a,n/a,n/a,3.487,3.948,4.306,7.096,3.725,4.468,6.415,4.676,3.122,3.097,2.784,1.396,3.724,3.544,2.518,4.162,2.287,2.774,3.787,2.51,9.922,-1.86,6.775,-0.723,6.127,-3.713,0.076,2.202,-0.929,-0.874,-0.462,4.452,3.579,-3.066,3.647,5.736,2.275,0.258,2024
193,AUS,PCPI,Australia,"Inflation, average consumer prices",Index,Units,26.35,28.85,32.125,35.35,36.75,39.225,42.775,46.425,49.8,53.575,57.45,59.35,59.925,60.975,62.15,65.025,66.75,66.9,67.475,68.425,71.475,74.625,76.9,79,80.85,83,85.95,87.975,91.8,93.425,96.1,99.325,101,103.475,106.075,107.65,109.025,111.2,113.35,115.125,116.125,119.425,127.325,134.475,138.775,2024
193,AUS,PCPIPCH,Australia,"Inflation, average consumer prices",Percent change,Units,10.136,9.488,11.352,10.039,3.96,6.735,9.05,8.533,7.27,7.58,7.233,3.307,0.969,1.752,1.927,4.626,2.653,0.225,0.859,1.408,4.457,4.407,3.049,2.731,2.342,2.659,3.554,2.356,4.348,1.77,2.863,3.356,1.686,2.45,2.513,1.485,1.277,1.995,1.933,1.566,0.869,2.842,6.615,5.616,3.198,2024
193,AUS,PCPIE,Australia,"Inflation, end of period consumer prices",Index,Units,n/a,n/a,n/a,n/a,n/a,n/a,n/a,n/a,51.2,55.2,59,59.9,60.1,61.2,62.9,66,67.1,66.9,67.9,69.1,73.1,75.4,77.7,79.6,81.7,83.9,86.7,89.3,92.6,94.5,97,99.9,102,104.7,106.5,108.3,109.8,112.1,114,116.1,117.1,121.4,130.9,136.2,139.5,2024
193,AUS,PCPIEPCH,Australia,"Inflation, end of period consumer prices",Percent change,Units,n/a,n/a,n/a,n/a,n/a,n/a,n/a,n/a,n/a,7.813,6.884,1.525,0.334,1.83,2.778,4.928,1.667,-0.298,1.495,1.767,5.789,3.146,3.05,2.445,2.638,2.693,3.337,2.999,3.695,2.052,2.646,2.99,2.102,2.647,1.719,1.69,1.385,2.095,1.695,1.842,0.861,3.672,7.825,4.049,2.423,2024
122,AUT,PCPI,Austria,"Inflation, average consumer prices",Index,Units,53.215,56.837,59.929,61.928,65.436,67.523,68.696,69.663,70.964,72.561,74.575,76.899,79.534,82.106,84.332,85.691,87.209,88.226,88.947,89.406,91.155,93.253,94.821,96.055,97.941,100,101.686,103.923,107.28,107.715,109.537,113.417,116.33,118.794,120.535,121.511,122.693,125.427,128.088,129.999,131.809,135.446,147.121,158.466,163.089,2024
122,AUT,PCPIPCH,Austria,"Inflation, average consumer prices",Percent change,Units,6.325,6.807,5.44,3.335,5.665,3.19,1.737,1.408,1.868,2.249,2.777,3.116,3.426,3.234,2.711,1.611,1.771,1.167,0.817,0.516,1.956,2.302,1.681,1.302,1.964,2.102,1.686,2.2,3.23,0.406,1.691,3.542,2.569,2.118,1.465,0.81,0.973,2.228,2.122,1.493,1.392,2.76,8.619,7.712,2.918,2024
122,AUT,PCPIE,Austria,"Inflation, end of period consumer prices",Index,Units,54.518,58.011,60.752,63.052,66.235,68.092,68.844,69.974,71.28,73.047,75.334,77.39,80.285,82.771,84.748,85.218,87.209,88.078,88.512,89.984,91.625,93.242,94.811,96.078,98.492,100,101.629,105.153,106.697,107.819,110.173,113.913,117.232,119.561,120.526,121.817,123.748,126.632,128.804,131.157,132.485,137.505,151.997,160.589,164.016,2024
122,AUT,PCPIEPCH,Austria,"Inflation, end of period consumer prices",Percent change,Units,6.661,6.407,4.726,3.785,5.049,2.804,1.104,1.642,1.866,2.479,3.13,2.73,3.741,3.096,2.388,0.555,2.336,0.996,0.493,1.663,1.824,1.765,1.682,1.336,2.512,1.531,1.629,3.467,1.469,1.052,2.182,3.395,2.913,1.987,0.807,1.071,1.585,2.331,1.715,1.827,1.012,3.789,10.54,5.653,2.134,2024
912,AZE,PCPI,Azerbaijan,"Inflation, average consumer prices",Index,Units,n/a,n/a,n/a,n/a,n/a,n/a,n/a,n/a,n/a,n/a,n/a,n/a,0.063,0.773,13.635,69.78,83.592,86.664,85.994,78.663,80.083,81.499,83.746,85.523,91.26,100,108.3,126.4,152.7,154.93,163.8,176.7,178.6,182.9,185.4,192.89,216.9,244.96,250.5,257,264.1,281.7,320.74,349.008,356.686,2024
912,AZE,PCPIPCH,Azerbaijan,"Inflation, average consumer prices",Percent change,Units,n/a,n/a,n/a,n/a,n/a,n/a,n/a,n/a,n/a,n/a,n/a,n/a,n/a,"1,129.70","1,664.00",411.76,19.795,3.674,-0.773,-8.525,1.805,1.768,2.758,2.121,6.709,9.577,8.3,16.713,20.807,1.46,5.725,7.875,1.075,2.408,1.367,4.04,12.448,12.937,2.262,2.595,2.763,6.664,13.859,8.813,2.2,2024
912,AZE,PCPIE,Azerbaijan,"Inflation, end of period consumer prices",Index,Units,n/a,n/a,n/a,n/a,n/a,n/a,n/a,n/a,n/a,n/a,n/a,n/a,0.159,2.303,43.567,80.422,85.792,86.126,79.586,79.215,80.959,82.4,85,88,97.2,102.41,114.126,136.449,157.4,158.5,171.05,180.67,180.2,186.55,186.28,200.4,231.8,250.2,254,260,266.8,298.8,341.7,348.847,365.941,2024
912,AZE,PCPIEPCH,Azerbaijan,"Inflation, end of period consumer prices",Percent change,Units,n/a,n/a,n/a,n/a,n/a,n/a,n/a,n/a,n/a,n/a,n/a,n/a,n/a,"1,350.00","1,792.14",84.595,6.677,0.389,-7.593,-0.467,2.202,1.78,3.155,3.529,10.455,5.36,11.44,19.56,15.355,0.699,7.918,5.624,-0.26,3.524,-0.145,7.58,15.669,7.938,1.519,2.362,2.615,11.994,14.357,2.092,4.9,2024
313,BHS,PCPI,The Bahamas,"Inflation, average consumer prices",Index,Units,34.371,38.167,40.496,42.116,43.786,45.811,48.291,51.186,53.259,56.138,58.736,63.026,66.541,68.37,69.305,70.707,71.599,72.001,72.87,73.686,74.962,76.733,77.883,80.731,81.668,83.153,84.781,86.822,90.671,92.181,93.676,96.546,98.392,98.831,100,101.878,101.542,103.065,105.402,108.028,108.07,111.209,117.443,121.036,121.535,2023
313,BHS,PCPIPCH,The Bahamas,"Inflation, average consumer prices",Percent change,Units,12.231,11.046,6.101,4,3.966,4.624,5.414,5.994,4.051,5.405,4.628,7.304,5.577,2.748,1.367,2.023,1.262,0.561,1.207,1.119,1.732,2.362,1.498,3.657,1.16,1.819,1.958,2.407,4.434,1.666,1.621,3.064,1.912,0.445,1.183,1.878,-0.33,1.5,2.268,2.491,0.039,2.905,5.605,3.059,0.413,2023
313,BHS,PCPIE,The Bahamas,"Inflation, end of period consumer prices",Index,Units,36.182,39.434,41.231,42.668,44.626,46.769,49.958,51.982,54.614,56.993,61.003,64.914,67.189,68.967,69.962,71.099,71.809,72.377,73.443,74.579,75.396,77.321,78.784,81.225,82.568,83.563,85.596,87.904,91.585,93.09,94.644,97.523,98.162,99.1,99.3,101.31,102.29,103.94,105.98,107.5,108.75,113.24,119.44,121.71,121.75,2023
313,BHS,PCPIEPCH,The Bahamas,"Inflation, end of period consumer prices",Percent change,Units,12.138,8.987,4.556,3.486,4.589,4.802,6.818,4.053,5.063,4.356,7.036,6.41,3.505,2.646,1.443,1.625,0.999,0.791,1.472,1.547,1.095,2.553,1.892,3.098,1.654,1.205,2.433,2.697,4.187,1.643,1.669,3.042,0.655,0.955,0.202,2.024,0.967,1.613,1.963,1.434,1.163,4.129,5.475,1.901,0.033,2023
419,BHR,PCPI,Bahrain,"Inflation, average consumer prices",Index,Units,51.734,57.632,62.646,64.65,64.65,63.099,61.521,60.475,60.596,61.324,62.12,62.678,62.489,64.113,66.676,68.77,68.642,71.801,71.5,70.6,70.084,69.261,68.918,70.075,71.651,73.526,75.027,77.466,80.204,82.438,84.055,83.773,86.082,88.924,91.277,92.964,95.557,96.881,98.907,99.903,97.58,96.983,100.508,100.583,101.508,2024
419,BHR,PCPIPCH,Bahrain,"Inflation, average consumer prices",Percent change,Units,3.8,11.4,8.7,3.2,0,-2.4,-2.5,-1.7,0.2,1.2,1.299,0.899,-0.302,2.599,3.999,3.139,-0.185,4.602,-0.418,-1.259,-0.73,-1.175,-0.496,1.679,2.248,2.618,2.041,3.252,3.533,2.785,1.962,-0.336,2.756,3.302,2.646,1.849,2.789,1.386,2.091,1.007,-2.325,-0.611,3.635,0.075,0.92,2024
419,BHR,PCPIE,Bahrain,"Inflation, end of period consumer prices",Index,Units,52.068,56.062,61.656,65.254,66.281,65.486,63.882,62.537,62.063,62.498,62.396,62.58,63.297,65.391,67.719,68.702,70.217,71.646,71.046,70.338,69.669,69.085,69.492,70.859,72.584,74.272,75.072,78.076,82.075,83.35,84.17,84.33,86.53,89.95,92.19,92.9,95.04,96.32,98.23,99.4,97.8,97.4,100.9,100.6,101.1,2024
419,BHR,PCPIEPCH,Bahrain,"Inflation, end of period consumer prices",Percent change,Units,3.009,7.671,9.977,5.835,1.575,-1.2,-2.449,-2.105,-0.758,0.701,-0.163,0.296,1.146,3.308,3.561,1.451,2.206,2.035,-0.838,-0.997,-0.952,-0.837,0.589,1.966,2.435,2.326,1.077,4.001,5.122,1.554,0.984,0.19,2.609,3.952,2.49,0.77,2.304,1.347,1.983,1.191,-1.61,-0.409,3.593,-0.297,0.497,2024
513,BGD,PCPI,Bangladesh,"Inflation, average consumer prices",Index,Units,14.677,16.869,19.172,21.301,23.429,25.875,28.544,31.546,34.77,37.963,41.632,45.524,48.193,49.781,52.065,56.676,60.552,62.163,66.301,72.204,74.82,76.176,78.009,81.036,87.632,93.316,100,107.205,117.858,125.701,134.897,146.751,159.795,170.624,183.164,194.896,206.427,217.657,230.243,242.848,256.563,270.822,287.477,313.396,343.889,2024
513,BGD,PCPIPCH,Bangladesh,"Inflation, average consumer prices",Percent change,Units,7.692,14.935,13.653,11.102,9.993,10.441,10.313,10.518,10.222,9.182,9.665,9.348,5.862,3.296,4.588,8.857,6.838,2.661,6.657,8.904,3.623,1.812,2.407,3.881,8.139,6.486,7.163,7.205,9.937,6.655,7.316,8.787,8.889,6.777,7.349,6.405,5.916,5.44,5.783,5.475,5.648,5.558,6.15,9.016,9.73,2024
513,BGD,PCPIE,Bangladesh,"Inflation, end of period consumer prices",Index,Units,15.449,17.97,20.173,21.889,24.198,27.024,30.168,33.297,36.214,39.131,43.141,45.981,46.771,48.403,51.867,57.676,58.623,61.901,66.09,71.235,72.865,74.44,76.261,79.603,86.624,92.989,100,109.197,120.151,122.846,133.537,146.95,155.099,167.583,179.257,190.466,201.002,212.948,224.75,237.152,251.43,265.616,285.704,313.546,343.991,2024
513,BGD,PCPIEPCH,Bangladesh,"Inflation, end of period consumer prices",Percent change,Units,6.381,16.323,12.257,8.509,10.548,11.676,11.636,10.373,8.759,8.054,10.248,6.585,1.718,3.489,7.155,11.201,1.642,5.592,6.767,7.785,2.288,2.162,2.446,4.382,8.819,7.348,7.54,9.197,10.032,2.243,8.702,10.044,5.546,8.049,6.966,6.253,5.531,5.944,5.542,5.518,6.021,5.642,7.563,9.745,9.71,2024
316,BRB,PCPI,Barbados,"Inflation, average consumer prices",Index,Units,22.305,25.559,28.188,29.675,31.054,32.563,32.627,33.791,35.386,37.627,38.769,41.212,43.683,44.2,44.509,45.772,46.865,50.478,49.838,50.615,51.848,53.3,53.398,54.23,55.006,58.337,62.608,65.132,70.413,72.979,77.229,84.513,88.344,89.95,91.539,90.52,91.888,95.953,98.846,100.517,101.167,102.609,107.2,110.617,112.183,2023
316,BRB,PCPIPCH,Barbados,"Inflation, average consumer prices",Percent change,Units,18.498,14.589,10.287,5.275,4.648,4.858,0.199,3.567,4.719,6.334,3.036,6.3,5.996,1.184,0.7,2.838,2.386,7.711,-1.269,1.56,2.436,2.801,0.183,1.558,1.43,6.057,7.321,4.031,8.108,3.645,5.824,9.432,4.533,1.818,1.766,-1.113,1.511,4.424,3.015,1.69,0.647,1.426,4.474,3.187,1.416,2023
316,BRB,PCPIE,Barbados,"Inflation, end of period consumer prices",Index,Units,24.582,27.6,29.494,31.102,32.688,33.459,33.305,35.398,36.962,39.385,40.728,44.032,45.486,45.046,45.406,46.694,47.538,49.227,50.071,51.537,53.492,53.323,53.832,53.995,56.313,60.437,63.858,66.829,71.691,74.825,79.687,87.304,89.416,90.384,92.649,90.334,93.787,99.946,99,101.3,101.7,104.1,108.1,111.6,112.168,2023
316,BRB,PCPIEPCH,Barbados,"Inflation, end of period consumer prices",Percent change,Units,13.994,12.276,6.864,5.452,5.099,2.358,-0.461,6.283,4.418,6.555,3.412,8.112,3.302,-0.969,0.8,2.838,1.808,3.551,1.715,2.928,3.793,-0.316,0.955,0.304,4.292,7.323,5.66,4.653,7.276,4.371,6.498,9.559,2.419,1.082,2.506,-2.499,3.823,6.567,-0.947,2.323,0.395,2.36,3.842,3.238,0.509,2023
913,BLR,PCPI,Belarus,"Inflation, average consumer prices",Index,Units,n/a,n/a,n/a,n/a,n/a,n/a,n/a,n/a,n/a,n/a,n/a,n/a,--,0.003,0.07,0.568,0.868,1.422,2.46,9.687,26.019,41.925,59.772,76.746,90.632,100,106.992,116.01,133.212,150.464,162.114,248.403,395.503,467.89,552.612,627.34,701.547,743.862,780.069,823.751,869.354,951.531,"1,096.53","1,151.55","1,217.76",2023
913,BLR,PCPIPCH,Belarus,"Inflation, average consumer prices",Percent change,Units,n/a,n/a,n/a,n/a,n/a,n/a,n/a,n/a,n/a,n/a,n/a,n/a,n/a,"1,190.32","2,220.90",709.297,52.688,63.82,73.018,293.733,168.601,61.133,42.568,28.398,18.094,10.336,6.992,8.429,14.828,12.95,7.743,53.228,59.218,18.303,18.107,13.523,11.829,6.032,4.867,5.6,5.536,9.453,15.239,5.017,5.75,2023
913,BLR,PCPIE,Belarus,"Inflation, end of period consumer prices",Index,Units,n/a,n/a,n/a,n/a,n/a,n/a,n/a,n/a,n/a,n/a,n/a,n/a,--,0.01,0.212,0.729,1.015,1.655,4.664,16.378,33.984,49.658,66.936,83.92,96.037,103.663,110.526,123.869,140.343,154.537,169.877,354.509,431.714,502.799,584.352,654.298,723.495,756.702,799.398,837.207,898.628,988.266,"1,115.52","1,180.66","1,241.00",2023
913,BLR,PCPIEPCH,Belarus,"Inflation, end of period consumer prices",Percent change,Units,n/a,n/a,n/a,n/a,n/a,n/a,n/a,n/a,n/a,n/a,n/a,n/a,n/a,"1,996.63","1,959.70",243.964,39.299,63.107,181.749,251.196,107.495,46.121,34.792,25.373,14.44,7.94,6.62,12.072,13.3,10.113,9.927,108.686,21.778,16.466,16.22,11.97,10.576,4.59,5.642,4.73,7.336,9.975,12.876,5.84,5.111,2023
124,BEL,PCPI,Belgium,"Inflation, average consumer prices",Index,Units,39.609,42.63,46.348,49.9,53.068,55.651,56.372,57.248,57.913,59.712,61.774,63.73,65.17,66.791,68.39,69.255,70.474,71.531,72.175,72.993,74.951,76.778,77.97,79.153,80.623,82.669,84.596,86.135,90.003,89.999,92.095,95.175,97.668,98.891,99.381,100,101.772,104.036,106.437,107.768,108.224,111.706,123.246,126.073,131.523,2024
124,BEL,PCPIPCH,Belgium,"Inflation, average consumer prices",Percent change,Units,6.656,7.626,8.723,7.663,6.348,4.868,1.296,1.554,1.162,3.105,3.453,3.167,2.26,2.487,2.394,1.265,1.76,1.499,0.901,1.134,2.682,2.438,1.552,1.517,1.857,2.539,2.331,1.819,4.49,-0.004,2.329,3.344,2.62,1.252,0.495,0.623,1.772,2.225,2.308,1.25,0.424,3.217,10.331,2.294,4.322,2024
124,BEL,PCPIE,Belgium,"Inflation, end of period consumer prices",Index,Units,40.893,44.223,47.804,51.226,53.966,56.137,56.467,57.284,58.386,60.489,62.603,64.346,65.752,67.372,68.712,69.555,71.043,71.671,72.167,73.647,75.83,77.29,78.32,79.6,81.2,83.44,85.17,87.82,90.19,90.49,93.55,96.53,98.54,99.69,99.3,100.74,102.96,105.08,107.39,108.38,108.76,115.93,127.77,128.45,134.12,2024
124,BEL,PCPIEPCH,Belgium,"Inflation, end of period consumer prices",Percent change,Units,8.755,8.145,8.097,7.159,5.348,4.023,0.587,1.448,1.923,3.601,3.495,2.785,2.184,2.464,1.988,1.227,2.14,0.884,0.692,2.051,2.964,1.925,1.333,1.634,2.01,2.759,2.073,3.111,2.699,0.333,3.382,3.185,2.082,1.167,-0.391,1.45,2.204,2.059,2.198,0.922,0.351,6.592,10.213,0.532,4.414,2024
339,BLZ,PCPI,Belize,"Inflation, average consumer prices",Index,Units,41.553,46.217,49.378,51.845,53.599,55.825,56.269,57.406,60.46,60.46,61.698,63.088,64.6,65.552,67.236,69.179,73.624,74.379,73.748,72.858,73.305,74.148,75.775,77.762,80.147,83.073,86.596,88.603,94.269,93.228,94.084,95.642,96.834,97.328,98.497,97.649,98.294,99.425,99.693,99.878,100,103.239,109.716,114.543,118.3,2024
339,BLZ,PCPIPCH,Belize,"Inflation, average consumer prices",Percent change,Units,7.051,11.224,6.839,4.996,3.383,4.153,0.794,2.021,5.321,0,2.047,2.253,2.397,1.473,2.569,2.89,6.425,1.026,-0.847,-1.207,0.614,1.149,2.195,2.621,3.067,3.651,4.24,2.318,6.394,-1.104,0.918,1.656,1.247,0.51,1.201,-0.862,0.661,1.15,0.27,0.186,0.122,3.239,6.274,4.399,3.28,2024
339,BLZ,PCPIE,Belize,"Inflation, end of period consumer prices",Index,Units,n/a,n/a,n/a,n/a,n/a,n/a,n/a,n/a,57.539,58.955,61.54,63.46,64.75,66.233,67.453,70.109,74.564,74.164,73.533,72.766,73.491,74.151,76.551,78.349,80.732,84.095,86.582,90.114,94.077,93.702,93.718,95.846,96.62,98.172,98.002,97.429,98.547,99.565,99.457,99.62,100,104.906,111.974,116.143,119.121,2024
339,BLZ,PCPIEPCH,Belize,"Inflation, end of period consumer prices",Percent change,Units,n/a,n/a,n/a,n/a,n/a,n/a,n/a,n/a,n/a,2.46,4.384,3.121,2.032,2.29,1.842,3.937,6.354,-0.536,-0.852,-1.042,0.995,0.898,3.237,2.348,3.042,4.166,2.957,4.08,4.397,-0.399,0.017,2.271,0.807,1.607,-0.173,-0.585,1.148,1.033,-0.108,0.164,0.381,4.906,6.737,3.723,2.564,2024
638,BEN,PCPI,Benin,"Inflation, average consumer prices",Index,Units,26.239,26.448,27.521,25.852,28.505,28.833,28.952,28.565,29.549,29.489,29.817,30.443,32.246,32.389,44.871,51.358,53.883,55.932,59.152,59.358,61.856,64.319,65.877,66.87,67.46,71.079,73.771,74.726,80.257,81.008,82.744,85.006,90.739,91.128,90.626,90.824,90.103,91.697,92.475,91.629,94.408,96.044,97.342,100,101.165,2024
638,BEN,PCPIPCH,Benin,"Inflation, average consumer prices",Percent change,Units,9.596,0.795,4.059,-6.067,10.265,1.151,0.414,-1.339,3.445,-0.202,1.112,2.1,5.921,0.445,38.535,14.458,4.917,3.803,5.755,0.348,4.21,3.981,2.422,1.507,0.883,5.364,3.787,1.294,7.402,0.936,2.143,2.733,6.744,0.428,-0.551,0.219,-0.794,1.769,0.849,-0.916,3.033,1.734,1.351,2.731,1.165,2024
638,BEN,PCPIE,Benin,"Inflation, end of period consumer prices",Index,Units,26.719,26.931,28.025,26.324,29.026,29.36,29.482,29.087,30.089,30.028,30.362,31,31.778,32.696,50.354,51.927,55.517,56.869,60.512,58.539,64.3,65.791,66.611,67.116,68.907,71.463,75.224,75.44,81.759,81.383,84.653,86.187,92.035,90.333,89.688,91.713,89.18,91.817,91.695,92.022,93.002,97.651,100.369,100.805,100.445,2024
638,BEN,PCPIEPCH,Benin,"Inflation, end of period consumer prices",Percent change,Units,n/a,0.795,4.059,-6.067,10.265,1.151,0.414,-1.339,3.445,-0.202,1.112,2.1,2.51,2.888,54.008,3.124,6.914,2.435,6.404,-3.259,9.841,2.318,1.247,0.758,2.668,3.709,5.264,0.286,8.376,-0.459,4.018,1.812,6.785,-1.849,-0.714,2.257,-2.761,2.957,-0.133,0.357,1.064,4.999,2.783,0.434,-0.357,2024
514,BTN,PCPI,Bhutan,"Inflation, average consumer prices",Index,Units,16.947,17.789,19.553,21.927,24.787,26.77,28.156,30.139,32.606,35.496,38.836,42.853,46.343,50.789,55.613,59.553,64.781,70.32,75.658,82.511,88.438,91.732,94.428,96.762,100,104.823,109.99,115.76,123.053,131.823,138.185,150.003,165.175,178.57,195.711,208.759,215.628,224.985,233.136,239.698,246.978,267.28,283.172,296.015,308.626,2024
514,BTN,PCPIPCH,Bhutan,"Inflation, average consumer prices",Percent change,Units,12.504,4.967,9.918,12.137,13.046,8.001,5.177,7.044,8.183,8.864,9.408,10.345,8.144,9.595,9.497,7.084,8.779,8.551,7.591,9.058,7.183,3.724,2.939,2.472,3.346,4.823,4.93,5.246,6.3,7.127,4.826,8.552,10.115,8.109,9.599,6.667,3.291,4.339,3.623,2.815,3.037,8.22,5.946,4.535,4.26,2024
514,BTN,PCPIE,Bhutan,"Inflation, end of period consumer prices",Index,Units,19.924,20.892,22.537,23.214,26.729,30.685,32.668,35.563,38.692,42.189,45.976,51.23,58.758,65.919,71.52,78.287,85.693,91.661,99.894,107.957,100.053,91.21,93.706,96.491,100,105.4,108.667,113.34,120.141,128.791,136.132,149.2,163.374,184.45,199.389,208.84,216.462,227.132,232.925,239.327,249.998,268.595,286.278,297.254,302.436,2024
514,BTN,PCPIEPCH,Bhutan,"Inflation, end of period consumer prices",Percent change,Units,-11.508,4.858,7.872,3.003,15.142,14.803,6.462,8.861,8.8,9.036,8.978,11.427,14.695,12.188,8.497,9.461,9.46,6.964,8.982,8.072,-7.322,-8.838,2.737,2.971,3.637,5.4,3.1,4.3,6,7.2,5.7,9.6,9.5,12.9,8.099,4.74,3.65,4.93,2.55,2.749,4.459,7.439,6.583,3.834,1.744,2024
218,BOL,PCPI,Bolivia,"Inflation, average consumer prices",Index,Units,--,--,--,0.002,0.023,2.774,10.357,11.867,13.766,15.855,18.569,22.551,25.473,27.645,29.822,32.861,36.946,38.685,41.654,42.554,44.512,45.223,45.64,47.163,48.337,50.947,53.138,57.751,65.842,68.044,69.747,76.64,80.102,84.697,89.58,93.218,96.596,99.323,101.579,103.447,104.422,105.191,107.028,109.786,115.385,2024
218,BOL,PCPIPCH,Bolivia,"Inflation, average consumer prices",Percent change,Units,47.059,32.134,123.555,275.579,"1,281.35","11,749.63",273.35,14.579,16.002,15.174,17.12,21.444,12.958,8.526,7.875,10.192,12.43,4.709,7.674,2.161,4.601,1.596,0.923,3.338,2.489,5.4,4.3,8.682,14.009,3.345,2.502,9.884,4.517,5.737,5.765,4.061,3.625,2.822,2.272,1.839,0.942,0.736,1.747,2.577,5.1,2024
218,BOL,PCPIE,Bolivia,"Inflation, end of period consumer prices",Index,Units,--,--,0.001,0.004,0.082,6.751,11.115,12.301,14.946,17.421,20.559,23.732,26.215,28.655,31.098,35.008,37.791,40.334,42.107,43.426,44.908,45.323,46.432,48.261,49.55,51.982,54.552,60.949,68.172,68.351,73.26,78.318,81.874,87.179,91.707,94.415,98.195,100.86,102.38,103.884,104.581,105.523,108.818,111.123,122.207,2024
218,BOL,PCPIEPCH,Bolivia,"Inflation, end of period consumer prices",Percent change,Units,23.93,25.127,296.791,328.437,"2,177.30","8,170.53",64.647,10.662,21.505,16.563,18.01,15.436,10.462,9.308,8.523,12.574,7.949,6.731,4.395,3.133,3.412,0.924,2.448,3.939,2.67,4.909,4.945,11.726,11.85,0.264,7.182,6.904,4.54,6.48,5.194,2.953,4.003,2.715,1.507,1.469,0.67,0.901,3.123,2.118,9.974,2024
963,BIH,PCPI,Bosnia and Herzegovina,"Inflation, average consumer prices",Index,Units,n/a,n/a,n/a,n/a,n/a,n/a,n/a,n/a,n/a,n/a,n/a,n/a,n/a,n/a,n/a,n/a,66.36,70.164,69.968,71.956,75.534,77.96,78.204,78.632,78.853,81.678,86.681,87.982,94.516,94.156,96.155,99.991,102.044,101.949,101.034,100,98.416,99.213,100.619,101.182,100.117,102.117,116.425,123.525,125.617,2024
963,BIH,PCPIPCH,Bosnia and Herzegovina,"Inflation, average consumer prices",Percent change,Units,n/a,n/a,n/a,n/a,n/a,n/a,n/a,n/a,n/a,n/a,n/a,n/a,n/a,n/a,n/a,n/a,n/a,5.732,-0.279,2.841,4.973,3.212,0.313,0.547,0.282,3.582,6.125,1.501,7.427,-0.381,2.124,3.989,2.053,-0.093,-0.897,-1.023,-1.584,0.81,1.417,0.559,-1.052,1.998,14.012,6.098,1.693,2024
963,BIH,PCPIE,Bosnia and Herzegovina,"Inflation, end of period consumer prices",Index,Units,n/a,n/a,n/a,n/a,n/a,n/a,n/a,n/a,n/a,n/a,n/a,n/a,n/a,n/a,n/a,n/a,68.988,72.943,72.739,74.806,80.042,82.443,82.114,82.524,83.019,86.589,90.527,95.002,98.62,98.596,101.628,104.725,106.613,105.101,104.644,103.286,102.734,103.984,105.629,105.874,104.202,110.787,127.196,129.977,133.746,2024
963,BIH,PCPIEPCH,Bosnia and Herzegovina,"Inflation, end of period consumer prices",Percent change,Units,n/a,n/a,n/a,n/a,n/a,n/a,n/a,n/a,n/a,n/a,n/a,n/a,n/a,n/a,n/a,n/a,n/a,5.732,-0.279,2.841,7,3,-0.4,0.5,0.6,4.3,4.548,4.944,3.809,-0.025,3.076,3.047,1.803,-1.418,-0.435,-1.298,-0.534,1.217,1.582,0.232,-1.579,6.319,14.811,2.186,2.9,2024
616,BWA,PCPI,Botswana,"Inflation, average consumer prices",Index,Units,13.362,15.54,17.28,19.094,20.737,22.416,24.658,27.074,29.349,32.753,36.487,41.084,47.863,54.755,60.56,66.918,73.677,80.234,85.457,92.137,100,106.565,115.119,125.692,134.475,146.054,162.928,174.459,196.481,212.412,227.174,246.422,264.996,280.583,292.97,301.918,310.401,320.632,331.023,340.109,346.538,369.683,414.66,435.989,448.316,2023
616,BWA,PCPIPCH,Botswana,"Inflation, average consumer prices",Percent change,Units,12.127,16.3,11.2,10.5,8.6,8.1,10,9.8,8.4,11.6,11.4,12.6,16.5,14.4,10.6,10.5,10.1,8.9,6.51,7.816,8.534,6.565,8.026,9.185,6.988,8.61,11.553,7.077,12.623,8.108,6.95,8.473,7.537,5.882,4.415,3.054,2.81,3.296,3.241,2.745,1.89,6.679,12.166,5.144,2.827,2023
616,BWA,PCPIE,Botswana,"Inflation, end of period consumer prices",Index,Units,13.877,15.903,17.923,19.411,20.673,22.822,25.287,27.336,30.178,33.589,37.619,42.359,49.349,55.616,61.066,67.661,74.157,79.941,85.029,92.183,100,105.752,116.962,124.41,134.226,149.373,162.103,175.3,199.277,210.927,226.557,247.343,265.732,276.544,286.914,295.808,304.64,314.34,325.465,332.625,339.785,369.402,415.293,429.939,437.424,2023
616,BWA,PCPIEPCH,Botswana,"Inflation, end of period consumer prices",Percent change,Units,n/a,14.6,12.7,8.3,6.5,10.4,10.8,8.1,10.4,11.3,12,12.6,16.5,12.7,9.8,10.8,9.6,7.8,6.365,8.413,8.48,5.752,10.6,6.368,7.89,11.285,8.522,8.141,13.678,5.846,7.41,9.175,7.435,4.068,3.75,3.1,2.986,3.184,3.539,2.2,2.153,8.716,12.423,3.527,1.741,2023
223,BRA,PCPI,Brazil,"Inflation, average consumer prices",Index,Units,73.291,147.855,296.558,696.97,"2,036.00","6,637.94","16,404.82","53,861.43","3,92,713.47","60,11,358.88","18,32,10,172.18","97,60,93,360.45","10,26,80,73,824.27","2,08,17,29,60,975.02","45,29,48,32,98,244.90","75,19,30,64,26,937.42","87,04,15,63,32,079.00","93,06,98,52,12,080.17","96,04,45,76,67,224.75","1,00,71,09,05,12,712.10","1,07,80,49,04,89,263.20","1,15,17,92,68,59,177.80","1,24,91,18,92,22,130.30","1,43,29,20,00,77,485.90","1,52,74,64,06,29,719.90","1,63,24,03,61,46,421.70","1,70,06,98,72,05,724.10","1,76,26,27,20,98,499.20","1,86,27,14,44,04,695.40","1,95,37,65,84,56,154.20","2,05,22,17,11,65,156.60","2,18,84,09,70,39,589.60","2,30,66,63,32,84,567.30","2,44,97,73,77,55,913.40","2,60,48,24,49,61,124.10","2,84,00,44,05,95,910.20","3,08,82,51,15,30,234.40","3,19,46,81,77,01,225.20","3,31,17,56,52,18,738.10","3,43,53,85,72,64,335.90","3,54,57,16,26,26,753.90","3,84,00,66,51,10,472.00","4,19,64,22,23,99,270.10","4,38,91,86,15,05,252.20","4,58,08,80,25,47,407.50",2024
223,BRA,PCPIPCH,Brazil,"Inflation, average consumer prices",Percent change,Units,90.227,101.737,100.574,135.02,192.121,226.029,147.137,228.327,629.118,"1,430.72","2,947.73",432.772,951.956,"1,927.38","2,075.83",66.008,15.757,6.926,3.196,4.859,7.044,6.84,8.45,14.714,6.598,6.87,4.184,3.641,5.678,4.888,5.039,6.636,5.404,6.204,6.329,9.03,8.74,3.446,3.665,3.733,3.212,8.302,9.28,4.594,4.367,2024
223,BRA,PCPIE,Brazil,"Inflation, end of period consumer prices",Index,Units,100,195.655,400.709,"1,057.87","3,335.25","11,414.84","20,507.49","95,034.50","10,26,582.74","2,12,80,159.75","36,62,24,414.23","2,09,73,13,107.45","25,56,81,86,003.62","6,58,93,00,02,302.86","66,97,58,10,91,643.00","81,98,43,40,12,165.97","89,82,51,63,00,323.55","94,51,82,86,87,384.26","96,08,31,73,37,723.73","1,04,67,29,46,14,845.90","1,10,92,64,63,20,429.20","1,19,43,81,42,47,936.30","1,34,40,41,44,33,361.00","1,46,90,36,61,65,302.80","1,58,06,92,86,20,105.50","1,67,06,30,07,08,759.70","1,72,31,17,50,82,557.20","1,79,99,22,54,93,516.50","1,90,61,59,61,94,871.00","1,98,83,53,76,22,885.00","2,10,58,46,94,50,875.70","2,24,27,92,46,81,553.60","2,37,37,39,45,38,824.70","2,51,40,46,87,46,949.70","2,67,51,37,35,94,790.00","2,96,06,68,09,19,231.20","3,14,68,36,53,15,161.00","3,23,95,84,81,51,435.40","3,36,09,22,88,52,161.70","3,50,56,45,56,84,887.90","3,66,40,07,55,06,149.20","4,03,26,45,36,15,754.10","4,26,59,27,52,25,340.00","4,46,30,60,89,35,457.00","4,67,86,84,56,66,837.00",2024
223,BRA,PCPIEPCH,Brazil,"Inflation, end of period consumer prices",Percent change,Units,n/a,95.655,104.804,164,215.279,242.248,79.656,363.414,980.221,"1,972.91","1,620.97",472.685,"1,119.09","2,477.15",916.433,22.409,9.564,5.225,1.656,8.94,5.974,7.673,12.53,9.3,7.601,5.69,3.142,4.457,5.902,4.312,5.909,6.503,5.839,5.911,6.408,10.673,6.288,2.947,3.745,4.306,4.517,10.061,5.785,4.621,4.831,2024
516,BRN,PCPI,Brunei Darussalam,"Inflation, average consumer prices",Index,Units,n/a,67.905,67.905,68.697,70.825,72.335,73.623,74.541,75.431,76.414,78.049,79.297,80.312,83.727,85.789,90.907,92.722,94.309,93.893,93.502,94.959,95.525,93.314,93.594,94.356,95.53,95.683,96.609,98.623,99.644,100,100.138,100.25,100.64,100.432,99.941,99.663,98.406,99.415,99.027,100.948,102.698,106.484,106.91,106.495,2024
516,BRN,PCPIPCH,Brunei Darussalam,"Inflation, average consumer prices",Percent change,Units,n/a,n/a,0,1.166,3.098,2.131,1.781,1.247,1.193,1.304,2.139,1.6,1.28,4.252,2.463,5.967,1.996,1.712,-0.441,-0.416,1.558,0.596,-2.315,0.3,0.814,1.244,0.16,0.968,2.085,1.036,0.357,0.138,0.112,0.389,-0.207,-0.488,-0.279,-1.261,1.025,-0.391,1.94,1.733,3.687,0.4,-0.389,2024
516,BRN,PCPIE,Brunei Darussalam,"Inflation, end of period consumer prices",Index,Units,n/a,n/a,n/a,n/a,71.789,72.58,74.36,75.296,76.271,76.684,78.578,80.741,83.083,84.211,88.039,92.257,93.273,94.601,93.897,94.233,95.46,92.491,92.257,94.05,94.891,95.939,95.633,97.487,99.322,99.847,100.032,100.196,100.234,100.391,101.626,100.211,99.582,99.124,99.118,99.389,101.376,103.593,107,107.696,107.157,2024
516,BRN,PCPIEPCH,Brunei Darussalam,"Inflation, end of period consumer prices",Percent change,Units,n/a,n/a,n/a,n/a,n/a,1.102,2.452,1.258,1.295,0.541,2.47,2.752,2.9,1.358,4.545,4.791,1.101,1.424,-0.743,0.357,1.302,-3.11,-0.253,1.943,0.894,1.105,-0.319,1.938,1.882,0.529,0.185,0.164,0.038,0.157,1.229,-1.392,-0.627,-0.46,-0.006,0.273,2,2.186,3.289,0.65,-0.5,2024
918,BGR,PCPI,Bulgaria,"Inflation, average consumer prices",Index,Units,0.023,0.023,0.023,0.024,0.025,0.025,0.026,0.027,0.027,0.029,0.036,0.156,0.283,0.489,0.959,1.555,3.468,40.272,47.794,49.023,54.082,58.061,61.436,62.878,66.745,70.775,76.023,81.78,91.553,93.813,96.664,99.938,102.327,102.721,101.077,99.998,98.676,99.848,102.476,104.994,106.274,109.295,123.524,134.146,137.63,2024
918,BGR,PCPIPCH,Bulgaria,"Inflation, average consumer prices",Percent change,Units,--,0.002,2.8,2.8,2.8,2.8,2.7,2.7,2.5,6.404,23.9,333.5,82,72.804,96,62.1,123,"1,061.21",18.679,2.572,10.318,7.358,5.813,2.348,6.149,6.038,7.416,7.572,11.951,2.469,3.039,3.386,2.391,0.385,-1.601,-1.067,-1.323,1.188,2.631,2.457,1.219,2.842,13.019,8.599,2.597,2024
918,BGR,PCPIE,Bulgaria,"Inflation, end of period consumer prices",Index,Units,n/a,n/a,n/a,n/a,n/a,n/a,n/a,n/a,0.002,0.003,0.005,0.204,0.366,0.599,1.33,1.768,7.263,47.15,47.92,51.26,57.03,59.78,62.06,65.56,68.16,73.2,77.66,86.64,92.87,94.39,98.59,100.6,103.38,102.5,100.5,99.6,99.1,100.88,103.21,106.41,106.43,113.44,129.69,136.16,138.99,2024
918,BGR,PCPIEPCH,Bulgaria,"Inflation, end of period consumer prices",Percent change,Units,n/a,n/a,n/a,n/a,n/a,n/a,n/a,n/a,n/a,69.626,64.325,"4,027.83",79.416,63.8,121.9,32.9,310.8,549.206,1.633,6.97,11.256,4.822,3.814,5.64,3.966,7.394,6.093,11.563,7.191,1.637,4.45,2.039,2.763,-0.851,-1.951,-0.896,-0.502,1.796,2.31,3.1,0.019,6.586,14.325,4.989,2.078,2024
748,BFA,PCPI,Burkina Faso,"Inflation, average consumer prices",Index,Units,32.462,34.915,39.125,42.39,44.445,47.58,46.295,44.976,46.861,46.71,46.333,47.492,46.546,46.832,58.409,62.949,66.794,68.751,72.127,71.348,71.227,74.595,76.31,77.867,77.556,82.526,84.454,84.257,93.246,94.052,93.48,96.068,99.735,100.259,100,101.653,102.102,103.616,105.643,102.227,104.153,108.224,123.136,124.296,129.508,2024
748,BFA,PCPIPCH,Burkina Faso,"Inflation, average consumer prices",Percent change,Units,12.259,7.556,12.058,8.346,4.847,7.054,-2.7,-2.85,4.191,-0.322,-0.807,2.502,-1.991,0.614,24.72,7.772,6.109,2.929,4.911,-1.08,-0.169,4.727,2.3,2.04,-0.4,6.409,2.336,-0.233,10.668,0.864,-0.608,2.769,3.817,0.525,-0.258,1.653,0.441,1.483,1.956,-3.233,1.885,3.908,13.779,0.942,4.193,2024
748,BFA,PCPIE,Burkina Faso,"Inflation, end of period consumer prices",Index,Units,33.398,35.583,40.359,41.469,44.576,45.02,43.429,44.724,45.686,46.426,45.797,45.39,45.316,46.538,60.076,62.444,66.772,69.562,70.237,70.7,72.403,73.11,75.986,78.391,78.933,82.463,83.724,85.622,95.535,93.773,93.529,98.261,99.906,100.026,99.877,102.74,102.43,104.11,104.46,101.79,104.15,112.688,123.2,124.5,130.6,2024
748,BFA,PCPIEPCH,Burkina Faso,"Inflation, end of period consumer prices",Percent change,Units,n/a,6.543,13.423,2.75,7.493,0.996,-3.533,2.981,2.151,1.619,-1.355,-0.889,-0.163,2.696,29.091,3.941,6.931,4.178,0.972,0.659,2.409,0.976,3.935,3.165,0.692,4.472,1.528,2.267,11.578,-1.844,-0.261,5.06,1.674,0.12,-0.149,2.867,-0.302,1.64,0.336,-2.556,2.318,8.198,9.328,1.055,4.9,2024
618,BDI,PCPI,Burundi,"Inflation, average consumer prices",Index,Units,3.086,3.476,3.657,3.962,4.527,4.698,4.784,5.122,5.356,5.977,6.399,6.96,7.085,7.768,8.905,10.59,13.437,17.651,19.884,20.521,25.534,27.908,27.527,30.458,32.948,37.314,38.339,41.564,51.708,57.166,60.878,66.718,78.834,85.092,88.841,93.767,98.978,114.66,111.456,110.544,118.866,128.806,153.093,194.547,233.823,2024
618,BDI,PCPIPCH,Burundi,"Inflation, average consumer prices",Percent change,Units,1.2,12.632,5.216,8.337,14.28,3.774,1.829,7.058,4.577,11.597,7.048,8.778,1.783,9.65,14.632,18.926,26.884,31.356,12.655,3.2,24.432,9.296,-1.366,10.647,8.176,13.252,2.745,8.412,24.407,10.555,6.493,9.592,18.161,7.938,4.405,5.545,5.558,15.844,-2.794,-0.818,7.528,8.363,18.855,27.078,20.188,2024
618,BDI,PCPIE,Burundi,"Inflation, end of period consumer prices",Index,Units,3.021,3.353,3.622,3.812,4.764,4.501,4.7,4.934,5.199,5.823,6.448,6.985,7.231,8.354,9.454,11.266,15.477,19.658,19.667,23.472,26.815,27.831,28.734,31.853,35.696,36.08,39.328,45.106,56.687,59.311,61.73,70.905,79.291,86.441,89.679,96.054,105.229,115.189,108.831,113.922,123.082,135.442,171.496,206.144,281.1,2024
618,BDI,PCPIEPCH,Burundi,"Inflation, end of period consumer prices",Percent change,Units,n/a,10.986,8.013,5.261,24.966,-5.535,4.432,4.985,5.359,12.002,10.732,8.338,3.522,15.532,13.157,19.169,37.384,27.009,0.046,19.348,14.243,3.79,3.246,10.853,12.066,1.075,9.003,14.692,25.674,4.629,4.078,14.864,11.828,9.017,3.745,7.109,9.551,9.465,-5.519,4.678,8.04,10.043,26.619,20.203,36.361,2024
624,CPV,PCPI,Cabo Verde,"Inflation, average consumer prices",Index,Units,14.37,17.342,21.006,25.24,27.682,29.31,32.567,33.788,35.01,36.638,40.709,43.798,49.679,52.575,54.333,58.902,62.443,67.797,70.779,73.853,72.079,74.727,76.16,77.065,75.608,75.936,79.613,83.116,88.747,89.638,91.497,95.59,98.021,99.497,99.259,99.401,97.974,98.741,100,101.106,101.718,103.614,111.831,115.987,117.147,2024
624,CPV,PCPIPCH,Cabo Verde,"Inflation, average consumer prices",Percent change,Units,15.071,20.68,21.127,20.155,9.677,5.882,11.111,3.75,3.614,4.651,11.111,7.587,13.429,5.828,3.344,8.41,6.01,8.574,4.399,4.344,-2.403,3.674,1.918,1.188,-1.891,0.434,4.842,4.4,6.774,1.005,2.074,4.473,2.543,1.506,-0.238,0.143,-1.436,0.783,1.275,1.106,0.605,1.863,7.93,3.717,1,2024
624,CPV,PCPIE,Cabo Verde,"Inflation, end of period consumer prices",Index,Units,15.498,18.701,22.77,26.84,29.437,31.169,34.632,35.93,37.229,38.961,43.29,47.884,54.545,56.93,59.177,62.553,68.25,68.519,74.249,73.084,72.33,75.63,77.885,76.109,75.881,77.217,81.705,84.45,90.063,89.782,92.87,96.153,100.134,100.199,99.86,99.335,99.087,99.353,100.35,102.293,101.42,106.871,114.969,116.5,118.248,2024
624,CPV,PCPIEPCH,Cabo Verde,"Inflation, end of period consumer prices",Percent change,Units,n/a,20.67,21.759,17.871,9.677,5.882,11.111,3.75,3.614,4.651,11.111,10.614,13.91,4.373,3.946,5.706,9.106,0.395,8.362,-1.569,-1.032,4.562,2.983,-2.281,-0.298,1.759,5.813,3.36,6.646,-0.311,3.44,3.534,4.14,0.065,-0.339,-0.525,-0.25,0.269,1.003,1.936,-0.853,5.375,7.577,1.332,1.5,2024
522,KHM,PCPI,Cambodia,"Inflation, average consumer prices",Index,Units,n/a,n/a,n/a,n/a,n/a,n/a,1.379,0.948,1.166,1.911,4.62,13.444,23.526,50.421,55.685,61.297,65.678,72.576,81.937,83.573,82.883,82.786,82.756,83.606,86.887,92.404,98.08,105.601,131.999,131.124,136.365,143.838,148.056,152.414,158.29,160.236,165.086,169.878,174.037,177.442,182.657,187.995,198.017,202.238,204.002,2024
522,KHM,PCPIPCH,Cambodia,"Inflation, average consumer prices",Percent change,Units,n/a,n/a,n/a,n/a,n/a,n/a,n/a,-31.248,23,63.8,141.8,191,75,114.319,10.44,10.077,7.147,10.503,12.899,1.996,-0.826,-0.117,-0.036,1.027,3.925,6.349,6.143,7.668,24.997,-0.663,3.997,5.48,2.933,2.943,3.856,1.229,3.027,2.902,2.448,1.957,2.939,2.923,5.331,2.132,0.873,2024
522,KHM,PCPIE,Cambodia,"Inflation, end of period consumer prices",Index,Units,n/a,n/a,n/a,n/a,n/a,n/a,n/a,1.003,1.314,2.483,6.233,15.582,33.034,46.578,60.505,59.38,65.338,76.243,82.329,82.478,82.76,82.324,83.499,83.464,87.858,95.248,99.249,113.096,127.256,134.032,138.245,145.03,148.715,156.456,157.967,162.323,168.469,172.12,174.866,179.95,185.125,192.839,197.476,202.844,209.03,2024
522,KHM,PCPIEPCH,Cambodia,"Inflation, end of period consumer prices",Percent change,Units,n/a,n/a,n/a,n/a,n/a,n/a,n/a,n/a,31,89,151,150,112,41,29.902,-1.859,10.034,16.69,7.982,0.181,0.341,-0.527,1.427,-0.042,5.265,8.411,4.201,13.952,12.52,5.325,3.143,4.908,2.541,5.205,0.966,2.757,3.786,2.167,1.595,2.908,2.876,4.167,2.405,2.718,3.05,2024
622,CMR,PCPI,Cameroon,"Inflation, average consumer prices",Index,Units,52.241,56.183,64.794,78.082,87.526,91.203,95.126,97.784,99.451,101.04,102.56,101.942,103.864,100,114.88,144.525,150.192,157.375,162.375,165.35,167.408,174.858,179.783,180.917,181.369,184.983,194.058,196.242,206.717,213,215.725,222.1,227.396,232.058,236.363,242.694,244.812,246.38,249.001,255.118,261.369,267.281,283.992,304.969,318.718,2023
622,CMR,PCPIPCH,Cameroon,"Inflation, average consumer prices",Percent change,Units,7.681,7.546,15.326,20.509,12.095,4.202,4.301,2.794,1.705,1.597,1.504,-0.602,1.886,-3.72,14.88,25.805,3.921,4.783,3.177,1.832,1.245,4.45,2.817,0.63,0.25,1.993,4.906,1.125,5.338,3.04,1.279,2.955,2.384,2.05,1.855,2.678,0.873,0.641,1.064,2.456,2.451,2.262,6.252,7.386,4.508,2023
622,CMR,PCPIE,Cameroon,"Inflation, end of period consumer prices",Index,Units,48.92,51.15,58.02,65.88,76.81,79.62,86.42,102.75,100.82,100.82,100.08,99.85,100.6,96.52,129.13,150.1,151.3,158.3,167.7,166.9,169.4,177.8,182,181.9,183.733,190.1,194.7,201.4,212.1,214.1,219.6,225.6,231.317,235.124,241.286,244.775,245.489,247.36,252.242,258.365,263.841,272.962,292.93,310.12,325.739,2023
622,CMR,PCPIEPCH,Cameroon,"Inflation, end of period consumer prices",Percent change,Units,n/a,4.558,13.431,13.547,16.591,3.658,8.541,18.896,-1.878,0,-0.734,-0.23,0.751,-4.056,33.786,16.239,0.799,4.627,5.938,-0.477,1.498,4.959,2.362,-0.055,1.008,3.465,2.42,3.441,5.313,0.943,2.569,2.732,2.534,1.646,2.621,1.446,0.292,0.762,1.974,2.427,2.119,3.457,7.315,5.868,5.037,2023
156,CAN,PCPI,Canada,"Inflation, average consumer prices",Index,Units,44.037,49.525,54.876,58.067,60.587,62.98,65.609,68.473,71.233,74.783,78.358,82.767,84,85.567,85.708,87.55,88.925,90.367,91.267,92.85,95.375,97.783,99.992,102.75,104.658,106.975,109.117,111.45,114.092,114.433,116.467,119.858,121.675,122.817,125.158,126.567,128.375,130.425,133.383,135.983,136.958,141.608,151.208,157.083,160.85,2024
156,CAN,PCPIPCH,Canada,"Inflation, average consumer prices",Percent change,Units,10.183,12.462,10.803,5.816,4.339,3.951,4.174,4.365,4.031,4.984,4.78,5.626,1.49,1.865,0.166,2.149,1.571,1.621,0.996,1.735,2.719,2.525,2.258,2.759,1.857,2.214,2.002,2.138,2.37,0.299,1.777,2.912,1.516,0.938,1.907,1.125,1.429,1.597,2.268,1.949,0.717,3.395,6.779,3.885,2.398,2024
156,CAN,PCPIE,Canada,"Inflation, end of period consumer prices",Index,Units,45.867,51.533,56.5,59.133,61.3,63.833,66.633,69.433,72.271,76.031,79.769,83.049,84.533,86.067,86.1,87.867,89.667,90.567,91.6,93.767,96.7,97.733,101.467,103.2,105.567,108,109.5,112.233,114.3,115.2,117.767,120.9,122.1,123.267,125.7,127.3,129.1,131.467,134.167,136.933,138,144.533,154.067,158.967,162,2024
156,CAN,PCPIEPCH,Canada,"Inflation, end of period consumer prices",Percent change,Units,7.337,12.355,9.638,4.661,3.664,4.133,4.386,4.202,4.087,5.203,4.917,4.111,1.788,1.814,0.039,2.052,2.049,1.004,1.141,2.365,3.128,1.069,3.82,1.708,2.293,2.305,1.389,2.496,1.841,0.787,2.228,2.661,0.993,0.956,1.974,1.273,1.414,1.833,2.054,2.062,0.779,4.734,6.596,3.18,1.908,2024
626,CAF,PCPI,Central African Republic,"Inflation, average consumer prices",Index,Units,44.138,50.609,57.311,65.654,67.364,74.408,76.202,70.878,68.09,68.529,68.39,66.442,65.939,64.021,79.738,95.048,98.7,100.302,98.271,96.745,100,104.083,106.441,111.109,108.228,111.343,119.013,120.045,131.148,135.844,137.863,139.51,147.725,153.591,180.892,183.43,192.503,200.55,203.783,209.391,211.235,220.232,232.52,239.449,247.651,2023
626,CAF,PCPIPCH,Central African Republic,"Inflation, average consumer prices",Percent change,Units,13.3,14.66,13.243,14.558,2.604,10.457,2.411,-6.986,-3.934,0.645,-0.203,-2.848,-0.757,-2.909,24.55,19.2,3.842,1.623,-2.024,-1.554,3.365,4.083,2.266,4.386,-2.593,2.879,6.888,0.867,9.25,3.581,1.486,1.194,5.889,3.971,17.775,1.403,4.946,4.18,1.612,2.752,0.881,4.259,5.579,2.98,3.425,2023
626,CAF,PCPIE,Central African Republic,"Inflation, end of period consumer prices",Index,Units,43.286,49.631,56.204,64.387,66.064,72.972,74.731,69.51,66.775,67.206,66.496,65.988,65.988,62.841,90.962,95.53,99.933,100.291,97.298,93.2,100.702,103.279,113.055,111.09,110.829,112.524,120.467,120.302,137.776,136.179,139.258,145.304,153.915,157.865,179.996,199.185,190.29,203.936,213.326,208.973,212.811,218.558,235.134,240.59,247.852,2023
626,CAF,PCPIEPCH,Central African Republic,"Inflation, end of period consumer prices",Percent change,Units,n/a,14.66,13.243,14.558,2.604,10.457,2.411,-6.986,-3.934,0.645,-1.057,-0.763,0,-4.769,44.75,5.022,4.608,0.358,-2.984,-4.212,8.05,2.559,9.466,-1.738,-0.235,1.529,7.059,-0.137,14.525,-1.159,2.261,4.342,5.926,2.566,14.019,10.661,-4.466,7.171,4.605,-2.041,1.837,2.701,7.584,2.32,3.019,2023
628,TCD,PCPI,Chad,"Inflation, average consumer prices",Index,Units,28.946,31.299,33.311,35.934,43.229,45.421,39.492,38.413,44.137,41.974,42.184,43.956,42.286,37.687,53.242,56.097,62.454,65.934,68.742,62.935,65.341,73.463,77.277,75.923,72.277,75.492,82.77,76.612,82.995,91.38,89.452,91.267,98.127,98.346,92.938,97.43,95.859,94.984,98.809,97.85,102.228,101.416,107.33,111.741,118.117,2024
628,TCD,PCPIPCH,Chad,"Inflation, average consumer prices",Percent change,Units,8.635,8.128,6.429,7.875,20.3,5.071,-13.054,-2.73,14.9,-4.9,0.5,4.2,-3.8,-10.874,41.272,5.364,11.331,5.572,4.259,-8.447,3.823,12.431,5.192,-1.753,-4.803,4.449,9.64,-7.44,8.333,10.103,-2.11,2.029,7.517,0.223,-5.498,4.833,-1.613,-0.912,4.027,-0.971,4.474,-0.795,5.832,4.11,5.706,2024
628,TCD,PCPIE,Chad,"Inflation, end of period consumer prices",Index,Units,22.363,24.176,25.748,28.734,34.568,36.33,30.518,29.083,33.417,31.812,32.898,33.589,31.305,41.134,47.424,52.166,57.644,58.001,60.031,62.012,70.102,70.595,79.459,70.032,76.488,70.316,75.91,77.169,84.621,88.631,86.72,96.025,98.007,98.886,95.308,97.228,92.779,95.487,99.629,97.949,100.938,101.909,110.394,115.153,119.434,2024
628,TCD,PCPIEPCH,Chad,"Inflation, end of period consumer prices",Percent change,Units,n/a,8.11,6.5,11.6,20.3,5.1,-16,-4.7,14.9,-4.802,3.413,2.1,-6.8,31.4,15.29,10,10.5,0.62,3.5,3.3,13.046,0.702,12.556,-11.864,9.219,-8.07,7.956,1.658,9.658,4.738,-2.156,10.73,2.064,0.897,-3.618,2.014,-4.576,2.919,4.339,-1.686,3.051,0.962,8.326,4.311,3.718,2024
228,CHL,PCPI,Chile,"Inflation, average consumer prices",Index,Units,3.632,4.347,4.779,6.082,7.29,9.528,11.383,13.647,15.65,18.315,23.084,28.113,32.449,36.579,40.765,44.121,47.368,50.274,52.843,54.606,56.705,58.729,60.191,61.882,62.535,64.443,66.629,69.567,75.63,76.753,77.835,80.435,82.853,84.34,88.316,92.157,95.647,97.734,100.001,102.255,105.369,110.137,122.961,132.283,137.478,2024
228,CHL,PCPIPCH,Chile,"Inflation, average consumer prices",Percent change,Units,35.138,19.687,9.941,27.257,19.86,30.703,19.477,19.881,14.684,17.028,26.036,21.784,15.426,12.728,11.443,8.233,7.359,6.134,5.11,3.337,3.843,3.569,2.489,2.81,1.055,3.052,3.392,4.408,8.716,1.484,1.41,3.341,3.006,1.794,4.715,4.349,3.787,2.182,2.319,2.254,3.045,4.525,11.644,7.582,3.927,2024
228,CHL,PCPIE,Chile,"Inflation, end of period consumer prices",Index,Units,4.039,4.49,5.419,6.688,8.267,10.485,12.304,14.905,16.738,20.286,25.811,30.627,34.515,38.738,42.203,45.663,48.691,51.635,54.043,55.291,57.794,59.317,60.993,61.647,63.144,65.454,67.136,72.393,77.525,76.375,78.651,82.137,83.355,85.876,89.86,93.794,96.341,98.523,100.64,103.66,106.74,114.39,129.02,134.1,140.179,2024
228,CHL,PCPIEPCH,Chile,"Inflation, end of period consumer prices",Percent change,Units,31.238,11.17,20.687,23.418,23.599,26.837,17.349,21.133,12.3,21.199,27.235,18.658,12.694,12.235,8.946,8.198,6.631,6.045,4.665,2.31,4.526,2.636,2.824,1.073,2.428,3.659,2.57,7.829,7.089,-1.483,2.98,4.432,1.483,3.024,4.64,4.378,2.715,2.266,2.149,3.001,2.971,7.167,12.79,3.937,4.533,2024
924,CHN,PCPI,China,"Inflation, average consumer prices",Index,Units,17.776,18.22,18.584,18.956,19.468,21.279,22.662,24.316,28.887,34.087,35.197,36.451,38.768,44.438,55.229,64.504,69.866,71.808,71.248,70.249,70.496,71.006,70.462,71.281,74.056,75.396,76.502,80.154,84.839,84.252,87.057,91.773,94.178,96.65,98.578,100,101.996,103.607,105.774,108.847,111.557,112.582,114.807,115.069,115.313,2024
924,CHN,PCPIPCH,China,"Inflation, average consumer prices",Percent change,Units,n/a,2.5,2,2,2.7,9.3,6.5,7.3,18.8,18,3.256,3.563,6.357,14.624,24.283,16.794,8.312,2.781,-0.781,-1.401,0.352,0.724,-0.766,1.162,3.893,1.809,1.467,4.774,5.845,-0.692,3.33,5.416,2.621,2.625,1.995,1.442,1.996,1.579,2.092,2.905,2.49,0.918,1.976,0.228,0.212,2024
924,CHN,PCPIE,China,"Inflation, end of period consumer prices",Index,Units,n/a,n/a,n/a,n/a,19.307,21.469,22.886,24.923,31.876,33.98,35.441,37.036,40.295,48.291,60.632,66.765,71.385,71.624,70.827,70.049,71.028,70.771,70.477,72.746,74.539,75.763,77.915,82.993,83.923,85.439,89.302,92.963,95.34,97.702,99.157,100.795,102.714,104.606,106.606,111.324,111.621,113.264,115.328,115.056,115.087,2024
924,CHN,PCPIEPCH,China,"Inflation, end of period consumer prices",Percent change,Units,n/a,n/a,n/a,n/a,n/a,11.2,6.6,8.9,27.9,6.6,4.3,4.5,8.8,19.844,25.556,10.114,6.92,0.335,-1.113,-1.098,1.398,-0.363,-0.416,3.22,2.465,1.642,2.841,6.518,1.12,1.807,4.521,4.1,2.556,2.478,1.489,1.651,1.904,1.842,1.911,4.426,0.267,1.472,1.822,-0.236,0.027,2024
233,COL,PCPI,Colombia,"Inflation, average consumer prices",Index,Units,0.818,1.043,1.302,1.556,1.809,2.242,2.664,3.286,4.209,5.301,6.844,8.919,11.329,13.873,17.043,20.602,24.888,29.486,34.985,38.79,42.366,45.738,48.642,52.105,55.183,57.968,60.463,63.814,68.282,71.145,72.758,75.243,77.632,79.202,81.503,85.57,91.994,95.961,99.072,102.56,105.152,108.836,119.92,133.986,142.832,2024
233,COL,PCPIPCH,Colombia,"Inflation, average consumer prices",Percent change,Units,25.932,27.393,24.86,19.526,16.283,23.906,18.848,23.334,28.1,25.935,29.115,30.318,27.02,22.449,22.851,20.884,20.803,18.476,18.65,10.876,9.218,7.958,6.35,7.12,5.906,5.048,4.303,5.543,7.001,4.193,2.268,3.415,3.174,2.022,2.905,4.991,7.507,4.312,3.242,3.521,2.527,3.504,10.184,11.729,6.602,2024
233,COL,PCPIE,Colombia,"Inflation, end of period consumer prices",Index,Units,0.91,1.16,1.43,1.67,1.98,2.43,2.93,3.64,4.67,5.9,7.81,9.91,12.41,15.22,18.66,22.28,27.08,31.83,37.07,40.42,43.86,47.13,50.35,53.56,56.48,59.21,61.85,65.35,70.33,71.67,73.88,76.59,78.46,80,82.96,88.6,93.69,97.5,100.58,104.41,106.14,112.17,126.96,138.78,146.02,2024
233,COL,PCPIEPCH,Colombia,"Inflation, end of period consumer prices",Percent change,Units,25.932,27.473,23.276,16.783,18.563,22.727,20.576,24.232,28.297,26.338,32.373,26.889,25.227,22.643,22.602,19.4,21.544,17.541,16.462,9.037,8.511,7.456,6.832,6.375,5.452,4.834,4.459,5.659,7.621,1.905,3.084,3.668,2.442,1.963,3.7,6.798,5.745,4.067,3.159,3.808,1.657,5.681,13.185,9.31,5.217,2024
632,COM,PCPI,Comoros,"Inflation, average consumer prices",Index,Units,49.061,52.25,60.197,65.742,69.722,75.566,67.036,69.248,69.449,72.532,67.172,68.314,67.357,68.705,86.087,88.799,90.93,92.294,93.401,94.429,100,105.571,109.348,113.409,118.508,122.071,126.209,131.87,138.221,144.84,150.487,153.846,162.937,163.614,163.601,165.141,166.466,166.618,169.455,175.726,177.132,177.106,199.144,216.036,226.94,2023
632,COM,PCPIPCH,Comoros,"Inflation, average consumer prices",Percent change,Units,13.329,6.5,15.211,9.21,6.055,8.382,-11.289,3.3,0.29,4.44,-7.39,1.7,-1.4,2,25.3,3.15,2.4,1.5,1.2,1.1,5.9,5.571,3.578,3.713,4.496,3.007,3.389,4.486,4.816,4.789,3.899,2.231,5.91,0.416,-0.008,0.941,0.802,0.092,1.702,3.701,0.8,-0.015,12.444,8.482,5.048,2023
632,COM,PCPIE,Comoros,"Inflation, end of period consumer prices",Index,Units,n/a,n/a,n/a,n/a,n/a,n/a,n/a,n/a,n/a,n/a,n/a,n/a,n/a,n/a,101.138,94.026,94.026,95.448,99.502,98.222,101.511,111.048,110.009,115.109,118.886,127.441,129.647,132.499,142.304,145.402,155.123,162.655,164.256,167.809,166.237,170.705,168.287,170.677,171.778,182.52,173.808,186.098,224.471,220.008,233.107,2023
632,COM,PCPIEPCH,Comoros,"Inflation, end of period consumer prices",Percent change,Units,n/a,n/a,n/a,n/a,n/a,n/a,n/a,n/a,n/a,n/a,n/a,n/a,n/a,n/a,n/a,-7.032,0,1.513,4.247,-1.287,3.348,9.395,-0.935,4.635,3.281,7.196,1.731,2.2,7.4,2.177,6.686,4.855,0.984,2.163,-0.937,2.688,-1.417,1.42,0.645,6.253,-4.773,7.071,20.62,-1.988,5.954,2023
636,COD,PCPI,Democratic Republic of the Congo,"Inflation, average consumer prices",Index,Units,--,--,--,--,--,--,--,--,--,--,--,--,--,--,0.022,0.144,1.035,3.095,3.997,15.385,100,457.28,573.047,646.493,672.356,817.215,922.186,"1,075.93","1,269.23","1,854.36","2,289.41","2,631.68","2,654.22","2,677.47","2,710.67","2,730.68","2,817.87","3,824.81","4,944.17","5,176.79","5,764.77","6,282.98","6,865.18","8,230.97","9,683.94",2024
636,COD,PCPIPCH,Democratic Republic of the Congo,"Inflation, average consumer prices",Percent change,Units,40.039,34.884,37.069,76.73,52.63,23.46,46.73,90.37,82.749,104.065,81.295,"2,154.44","4,129.17","1,986.90","23,773.10",541.801,617,199,29.145,284.9,550,357.28,25.316,12.817,4.001,21.545,12.845,16.672,17.966,46.101,23.461,14.95,0.857,0.876,1.24,0.738,3.193,35.734,29.266,4.705,11.358,8.989,9.266,19.894,17.653,2024
636,COD,PCPIE,Democratic Republic of the Congo,"Inflation, end of period consumer prices",Index,Units,--,--,--,--,--,--,--,--,--,--,--,--,--,--,0.012,0.055,1,1.2,2.8,16.4,100,235.09,272.12,284.21,310.406,375.553,443.888,488.119,622.701,955.46,"1,049.46","1,140.28","1,171.85","1,184.44","1,196.63","1,206.38","1,341.93","2,076.09","2,226.14","2,328.28","2,695.13","2,837.45","3,210.06","3,972.50","4,436.79",2024
636,COD,PCPIEPCH,Democratic Republic of the Congo,"Inflation, end of period consumer prices",Percent change,Units,n/a,52.174,40.714,-11.094,159.083,39.22,38.26,106.47,120.59,56.12,264.97,"4,227.98","2,729.79","4,583.08","9,796.90",370.272,"1,705.11",20,133.333,485.714,509.756,135.09,15.751,4.443,9.217,20.988,18.196,9.964,27.572,53.438,9.838,8.654,2.769,1.074,1.03,0.815,11.236,54.709,7.228,4.588,15.756,5.281,13.132,23.752,11.688,2024
634,COG,PCPI,Republic of Congo,"Inflation, average consumer prices",Index,Units,42.166,42.496,43.963,45.49,47.076,48.727,50.442,52.226,45.43,41.077,41.218,45.075,43.65,41.86,44.999,47.833,51.373,57.897,59.171,60.946,61.251,61.768,63.612,64.687,67.061,68.715,71.915,73.781,78.223,81.618,81.937,83.379,87.556,91.611,92.446,95.375,98.418,98.86,100,100.4,101.779,103.783,106.923,111.532,114.943,2023
634,COG,PCPIPCH,Republic of Congo,"Inflation, average consumer prices",Percent change,Units,7.296,0.782,3.454,3.471,3.488,3.505,3.521,3.537,-13.013,-9.582,0.343,9.358,-3.162,-4.1,7.497,6.3,7.4,12.7,2.2,3,0.5,0.844,2.985,1.69,3.67,2.466,4.658,2.595,6.02,4.339,0.391,1.761,5.009,4.631,0.912,3.168,3.191,0.449,1.153,0.4,1.373,1.969,3.026,4.31,3.058,2023
634,COG,PCPIE,Republic of Congo,"Inflation, end of period consumer prices",Index,Units,30.081,30.316,31.363,32.452,33.584,34.761,35.985,37.258,32.409,28.636,29.063,31.201,30.346,30.346,36.244,46.682,49.25,57.13,55.701,57.818,56.026,60.695,58.962,62.915,63.611,65.553,77.41,74.364,83.149,81.675,83.825,85.321,91.694,93.607,94.053,97.904,97.869,99.616,100.51,101.9,102.5,104.031,107.372,113.424,120.55,2023
634,COG,PCPIEPCH,Republic of Congo,"Inflation, end of period consumer prices",Percent change,Units,n/a,0.782,3.454,3.471,3.488,3.505,3.521,3.537,-13.013,-11.643,1.493,7.353,-2.74,0,19.437,28.8,5.5,16,-2.5,3.8,-3.1,8.335,-2.856,6.704,1.106,3.053,18.088,-3.935,11.813,-1.773,2.633,1.784,7.469,2.087,0.477,4.094,-0.036,1.785,0.897,1.383,0.589,1.493,3.212,5.637,6.282,2023
238,CRI,PCPI,Costa Rica,"Inflation, average consumer prices",Index,Units,0.72,0.985,1.874,2.483,2.782,3.203,3.58,4.182,5.053,5.887,7.009,8.425,10.26,11.264,12.788,15.753,18.512,20.965,23.409,25.761,28.584,31.802,34.717,37.997,42.676,48.565,54.135,59.201,67.148,72.415,76.515,80.248,83.855,88.242,92.23,92.97,92.953,94.464,96.563,98.587,99.301,101.016,109.375,109.949,109.496,2024
238,CRI,PCPIPCH,Costa Rica,"Inflation, average consumer prices",Percent change,Units,18.121,36.806,90.271,32.503,12.013,15.129,11.788,16.806,20.845,16.491,19.069,20.195,21.788,9.781,13.534,23.186,17.512,13.248,11.66,10.045,10.961,11.256,9.167,9.448,12.315,13.798,11.471,9.357,13.425,7.843,5.663,4.878,4.496,5.231,4.519,0.802,-0.017,1.626,2.221,2.096,0.725,1.727,8.275,0.525,-0.412,2024
238,CRI,PCPIE,Costa Rica,"Inflation, end of period consumer prices",Index,Units,0.77,1.27,2.32,2.56,3.01,3.34,3.85,4.49,5.62,6.18,7.87,9.207,10.769,11.743,14.075,17.251,19.647,21.848,24.548,27.03,29.8,33.065,36.267,39.846,45.077,51.422,56.273,62.353,71.022,73.896,78.2,81.903,85.63,88.781,93.333,92.58,93.288,95.689,97.629,99.115,100,103.299,111.436,109.469,110.39,2024
238,CRI,PCPIEPCH,Costa Rica,"Inflation, end of period consumer prices",Percent change,Units,17.986,64.935,82.677,10.345,17.578,10.963,15.269,16.623,25.167,9.964,27.346,16.99,16.969,9.043,19.856,22.568,13.889,11.202,12.356,10.113,10.247,10.956,9.683,9.868,13.129,14.075,9.434,10.806,13.902,4.047,5.824,4.736,4.551,3.68,5.127,-0.808,0.765,2.574,2.027,1.522,0.892,3.299,7.877,-1.765,0.842,2024
662,CIV,PCPI,Côte d'Ivoire,"Inflation, average consumer prices",Index,Units,24.381,26.498,28.456,30.129,31.419,31.969,34.155,36.539,39.072,39.458,39.198,39.815,41.495,42.378,53.378,60.904,62.549,66.49,69.484,70.001,71.775,74.9,77.207,79.753,80.917,84.059,86.132,87.765,89.261,89.724,91.295,95.764,97.008,99.515,100.002,101.153,101.81,102.375,103.014,103.844,106.352,110.776,116.544,121.659,125.868,2024
662,CIV,PCPIPCH,Côte d'Ivoire,"Inflation, average consumer prices",Percent change,Units,8.81,8.682,7.389,5.879,4.281,1.753,6.837,6.978,6.935,0.986,-0.658,1.575,4.218,2.13,25.956,14.1,2.7,6.301,4.503,0.744,2.534,4.355,3.08,3.297,1.459,3.884,2.466,1.896,1.706,0.518,1.751,4.895,1.3,2.584,0.49,1.151,0.649,0.556,0.624,0.806,2.415,4.159,5.208,4.389,3.46,2024
662,CIV,PCPIE,Côte d'Ivoire,"Inflation, end of period consumer prices",Index,Units,24.604,26.518,28.033,30.386,31.622,33.018,35.769,38.441,40.036,40.076,40.116,40.794,42.249,43.314,57.261,61.67,63.829,67.15,68.486,69.551,72.059,75.506,78.827,78.741,82.24,84.321,86.038,87.291,89.481,89.371,93.93,95.778,99.043,99.454,100.374,101.341,102.031,102.799,103.418,105.038,107.466,113.461,119.225,124,126.6,2024
662,CIV,PCPIEPCH,Côte d'Ivoire,"Inflation, end of period consumer prices",Percent change,Units,n/a,7.78,5.714,8.393,4.068,4.414,8.333,7.469,4.149,0.1,0.1,1.69,3.568,2.52,32.2,7.7,3.5,5.203,1.989,1.555,3.606,4.783,4.399,-0.109,4.443,2.531,2.037,1.456,2.509,-0.123,5.101,1.967,3.409,0.415,0.925,0.963,0.68,0.753,0.602,1.566,2.312,5.579,5.08,4.005,2.097,2024
960,HRV,PCPI,Croatia,"Inflation, average consumer prices",Index,Units,n/a,n/a,n/a,n/a,n/a,n/a,n/a,n/a,n/a,n/a,n/a,n/a,1.704,27.583,54.478,55.547,57.571,59.707,63.712,66.27,69.322,72.275,74.107,75.884,77.511,79.833,82.458,84.65,89.563,91.555,92.547,94.592,97.763,100.038,100.258,100.001,99.371,100.665,102.233,103.042,103.011,105.817,117.108,126.937,132.036,2024
960,HRV,PCPIPCH,Croatia,"Inflation, average consumer prices",Percent change,Units,n/a,n/a,n/a,n/a,n/a,n/a,n/a,n/a,n/a,n/a,n/a,n/a,n/a,"1,518.53",97.505,1.963,3.644,3.709,6.709,4.014,4.605,4.26,2.534,2.399,2.144,2.995,3.288,2.659,5.803,2.225,1.083,2.21,3.353,2.326,0.22,-0.256,-0.63,1.302,1.557,0.791,-0.03,2.724,10.67,8.393,4.017,2024
960,HRV,PCPIE,Croatia,"Inflation, end of period consumer prices",Index,Units,n/a,n/a,n/a,n/a,n/a,n/a,n/a,n/a,n/a,n/a,n/a,n/a,4.509,56.436,54.749,56.791,58.814,61.143,64.823,67.289,70.94,72.64,74.71,76.32,77.81,80.91,82.62,87.09,89.56,91.21,92.79,94.77,98.94,99.39,99.29,98.99,99.69,100.95,101.86,103.25,102.96,108.31,122.03,128.56,134.35,2024
960,HRV,PCPIEPCH,Croatia,"Inflation, end of period consumer prices",Percent change,Units,n/a,n/a,n/a,n/a,n/a,n/a,n/a,n/a,n/a,n/a,n/a,n/a,n/a,"1,151.64",-2.99,3.73,3.562,3.959,6.019,3.805,5.425,2.396,2.85,2.155,1.952,3.984,2.113,5.41,2.836,1.842,1.732,2.134,4.4,0.455,-0.101,-0.302,0.707,1.264,0.901,1.365,-0.281,5.196,12.667,5.351,4.504,2024
423,CYP,PCPI,Cyprus,"Inflation, average consumer prices",Index,Units,32.163,35.619,37.91,39.825,42.211,44.336,44.876,46.079,47.66,49.455,51.682,54.286,57.816,60.642,63.468,65.126,66.808,69.018,70.631,71.433,74.903,76.393,78.517,81.64,83.188,84.873,86.784,88.668,92.556,92.723,95.095,98.406,101.445,101.831,101.558,99.993,98.778,99.452,100.228,100.776,99.665,101.905,110.138,114.48,117.073,2024
423,CYP,PCPIPCH,Cyprus,"Inflation, average consumer prices",Percent change,Units,13.518,10.745,6.433,5.05,5.992,5.034,1.218,2.679,3.433,3.766,4.503,5.04,6.501,4.889,4.66,2.612,2.582,3.308,2.338,1.136,4.858,1.988,2.781,3.978,1.896,2.026,2.252,2.171,4.384,0.18,2.559,3.482,3.088,0.38,-0.268,-1.541,-1.216,0.683,0.78,0.547,-1.102,2.248,8.079,3.942,2.265,2024
423,CYP,PCPIE,Cyprus,"Inflation, end of period consumer prices",Index,Units,33.558,37.027,38.726,40.319,43.611,44.425,45.673,46.699,48.656,50.026,52.923,56.377,60.037,61.93,65.159,66.226,67.52,70.06,70.59,73.08,75.82,77.46,79.87,81.71,84.86,86.07,87.36,90.71,92.49,94.13,96.14,100.35,101.96,100.8,99.91,99.42,99.52,99.13,100.13,100.85,100.02,104.84,112.79,115,118.63,2024
423,CYP,PCPIEPCH,Cyprus,"Inflation, end of period consumer prices",Percent change,Units,13.453,10.338,4.589,4.113,8.165,1.867,2.808,2.246,4.191,2.817,5.79,6.528,6.491,3.154,5.213,1.637,1.954,3.762,0.756,3.527,3.749,2.163,3.111,2.304,3.855,1.426,1.499,3.835,1.962,1.773,2.135,4.379,1.604,-1.138,-0.883,-0.49,0.101,-0.392,1.009,0.719,-0.823,4.819,7.583,1.959,3.157,2024
935,CZE,PCPI,Czech Republic,"Inflation, average consumer prices",Index,Units,n/a,n/a,n/a,n/a,n/a,n/a,n/a,n/a,n/a,n/a,n/a,n/a,n/a,n/a,n/a,52.233,56.808,61.692,68.292,69.75,72.383,75.758,77.2,77.292,79.425,80.9,82.95,85.317,90.742,91.667,93.017,94.8,97.917,99.325,99.667,99.975,100.658,103.125,105.342,108.342,111.767,116.058,133.583,147.825,151.424,2024
935,CZE,PCPIPCH,Czech Republic,"Inflation, average consumer prices",Percent change,Units,n/a,n/a,n/a,n/a,n/a,n/a,n/a,n/a,n/a,n/a,n/a,n/a,n/a,n/a,n/a,n/a,8.759,8.596,10.698,2.135,3.775,4.663,1.903,0.119,2.76,1.857,2.534,2.853,6.359,1.019,1.473,1.917,3.288,1.438,0.344,0.309,0.684,2.451,2.149,2.848,3.161,3.84,15.1,10.661,2.435,2024
935,CZE,PCPIE,Czech Republic,"Inflation, end of period consumer prices",Index,Units,n/a,n/a,n/a,n/a,n/a,n/a,n/a,n/a,n/a,n/a,n/a,n/a,n/a,n/a,n/a,53.8,58.5,64.4,68.8,70.4,73.2,76.2,76.7,77.5,79.6,81.4,82.8,87.3,90.5,91.4,93.5,95.7,98,99.4,99.5,99.5,101.5,103.9,106,109.4,111.9,119.3,138.1,147.6,151.856,2024
935,CZE,PCPIEPCH,Czech Republic,"Inflation, end of period consumer prices",Percent change,Units,n/a,n/a,n/a,n/a,n/a,n/a,n/a,n/a,n/a,n/a,n/a,n/a,n/a,n/a,n/a,n/a,8.736,10.085,6.832,2.326,3.977,4.098,0.656,1.043,2.71,2.261,1.72,5.435,3.666,0.994,2.298,2.353,2.403,1.429,0.101,0,2.01,2.365,2.021,3.208,2.285,6.613,15.759,6.879,2.884,2024
128,DNK,PCPI,Denmark,"Inflation, average consumer prices",Index,Units,36.194,40.435,44.537,47.582,50.6,52.959,54.928,57.114,59.698,62.552,64.208,65.6,66.875,67.458,68.7,70.1,71.567,72.95,73.908,75.417,77.492,79.25,81.15,82.742,83.517,84.958,86.525,87.958,91.158,92.108,94.133,96.633,98.908,99.425,99.775,100,100.017,101.075,101.792,102.533,102.875,104.875,113.825,117.642,119.133,2024
128,DNK,PCPIPCH,Denmark,"Inflation, average consumer prices",Percent change,Units,11.339,11.718,10.146,6.835,6.343,4.662,3.718,3.979,4.525,4.78,2.648,2.167,1.944,0.872,1.841,2.038,2.092,1.933,1.314,2.041,2.751,2.269,2.397,1.961,0.937,1.726,1.844,1.657,3.638,1.042,2.198,2.656,2.354,0.522,0.352,0.226,0.017,1.058,0.709,0.729,0.333,1.944,8.534,3.353,1.268,2024
128,DNK,PCPIE,Denmark,"Inflation, end of period consumer prices",Index,Units,37.754,42.435,46.179,48.987,51.795,53.563,55.955,58.14,60.844,63.756,64.9,66.3,67.1,67.8,69.5,70.7,72.3,73.4,74.3,76.6,78.4,80,82.1,83.1,83.9,85.8,87.2,89.4,91.6,92.7,95.3,97.6,99.3,99.8,99.8,100.1,100.4,101.3,102.1,103,103.5,107.1,117.5,118,120.2,2024
128,DNK,PCPIEPCH,Denmark,"Inflation, end of period consumer prices",Percent change,Units,10.671,12.397,8.824,6.081,5.732,3.414,4.466,3.903,4.651,4.786,1.794,2.157,1.207,1.043,2.507,1.727,2.263,1.521,1.226,3.096,2.35,2.041,2.625,1.218,0.963,2.265,1.632,2.523,2.461,1.201,2.805,2.413,1.742,0.504,0,0.301,0.3,0.896,0.79,0.881,0.485,3.478,9.711,0.426,1.864,2024
611,DJI,PCPI,Djibouti,"Inflation, average consumer prices",Index,Units,n/a,n/a,n/a,n/a,n/a,n/a,n/a,n/a,n/a,n/a,n/a,41.081,42.465,44.35,47.235,49.543,51.283,52.576,53.735,53.519,54.153,55.177,55.952,56.841,58.228,60.138,62.252,65.922,71.677,75.656,77.536,81.601,85.045,85.949,87.102,86.647,88.729,89.241,89.365,92.33,93.972,95.082,100,101.447,103.592,2024
611,DJI,PCPIPCH,Djibouti,"Inflation, average consumer prices",Percent change,Units,n/a,n/a,n/a,n/a,n/a,n/a,n/a,n/a,n/a,n/a,n/a,n/a,3.371,4.438,6.505,4.886,3.513,2.52,2.205,-0.401,1.184,1.891,1.404,1.59,2.439,3.281,3.514,5.896,8.73,5.551,2.485,5.242,4.221,1.063,1.342,-0.522,2.403,0.577,0.139,3.318,1.779,1.181,5.172,1.447,2.114,2024
611,DJI,PCPIE,Djibouti,"Inflation, end of period consumer prices",Index,Units,n/a,n/a,n/a,n/a,n/a,n/a,n/a,n/a,n/a,n/a,n/a,41.119,42.71,45.02,47.603,49.843,51.154,52.396,53.453,53.145,54.404,55.178,55.942,56.946,58.696,60.74,62.893,68.03,74.322,75.932,78.056,84.004,84.897,85.799,88.743,87.314,89.415,88.662,90.41,93.362,93.644,96.031,99.472,103.2,104.4,2024
611,DJI,PCPIEPCH,Djibouti,"Inflation, end of period consumer prices",Percent change,Units,n/a,n/a,n/a,n/a,n/a,n/a,n/a,n/a,n/a,n/a,n/a,n/a,3.869,5.408,5.737,4.706,2.631,2.427,2.018,-0.577,2.368,1.424,1.384,1.793,3.073,3.483,3.544,8.168,9.249,2.166,2.798,7.62,1.063,1.063,3.431,-1.61,2.407,-0.843,1.972,3.265,0.302,2.549,3.583,3.748,1.163,2024
321,DMA,PCPI,Dominica,"Inflation, average consumer prices",Index,Units,41.502,47.008,49.083,51.158,52.248,53.338,54.946,57.592,58.889,63.403,65.428,69.064,72.694,73.833,73.825,74.779,76.051,77.887,78.632,79.604,80.279,81.527,81.666,82.853,84.837,86.263,88.5,91.366,97.176,97.182,99.913,100.975,102.345,102.298,103.123,102.245,102.39,102.693,103.709,105.27,104.504,106.146,114.327,119.138,121.392,2023
321,DMA,PCPIPCH,Dominica,"Inflation, average consumer prices",Percent change,Units,23.855,13.267,4.415,4.228,2.13,2.085,3.016,4.816,2.252,7.665,3.194,5.556,5.256,1.568,-0.012,1.293,1.701,2.415,0.956,1.236,0.848,1.556,0.17,1.453,2.394,1.682,2.593,3.238,6.36,0.006,2.81,1.063,1.357,-0.046,0.807,-0.852,0.142,0.296,0.989,1.505,-0.727,1.571,7.707,4.208,1.892,2023
321,DMA,PCPIE,Dominica,"Inflation, end of period consumer prices",Index,Units,45.089,48.446,50.417,51.765,52.803,54.67,56.33,57.99,60.998,65.978,69.037,70.421,73.46,74.631,74.454,75.495,77.028,78.702,79.913,79.879,80.764,81.676,81.968,84.289,84.979,87.275,88.842,94.182,96.081,99.132,99.18,101.1,102.38,101.93,102.4,101.73,102.46,100.94,104.96,105.11,104.37,108.067,117.456,120.378,122.789,2023
321,DMA,PCPIEPCH,Dominica,"Inflation, end of period consumer prices",Percent change,Units,21.348,7.444,4.069,2.675,2.004,3.536,3.036,2.947,5.188,8.163,4.637,2.006,4.314,1.594,-0.237,1.398,2.031,2.173,1.539,-0.042,1.108,1.128,0.358,2.832,0.818,2.703,1.795,6.011,2.016,3.176,0.048,1.936,1.266,-0.44,0.461,-0.654,0.718,-1.484,3.983,0.143,-0.704,3.543,8.688,2.488,2.003,2023
243,DOM,PCPI,Dominican Republic,"Inflation, average consumer prices",Index,Units,1.064,1.144,1.232,1.301,1.563,2.272,2.446,2.777,3.995,5.619,8.455,12.436,12.965,13.646,14.773,16.625,17.523,18.977,19.894,21.181,22.817,24.844,26.142,33.317,50.463,52.577,56.559,60.034,66.424,67.382,71.647,77.708,80.579,84.472,87.005,87.733,89.149,92.073,95.355,97.081,100.752,109.056,118.666,124.345,128.451,2024
243,DOM,PCPIPCH,Dominican Republic,"Inflation, average consumer prices",Percent change,Units,21.664,7.523,7.643,5.629,20.152,45.336,7.639,13.551,43.864,40.658,50.463,47.079,4.259,5.25,8.261,12.536,5.399,8.297,4.832,6.471,7.723,8.884,5.223,27.45,51.461,4.19,7.573,6.144,10.644,1.442,6.33,8.459,3.694,4.831,2.999,0.837,1.614,3.28,3.564,1.811,3.781,8.243,8.812,4.786,3.302,2024
243,DOM,PCPIE,Dominican Republic,"Inflation, end of period consumer prices",Index,Units,1.112,1.193,1.279,1.356,1.88,2.46,2.568,3.15,4.908,6.605,11.884,12.823,13.486,13.862,15.846,17.306,17.99,19.495,21.019,22.091,24.084,25.14,27.783,39.633,51.024,54.819,57.56,62.67,65.501,69.277,73.598,79.31,82.408,85.602,86.956,88.995,90.504,94.309,95.413,98.901,104.394,113.263,122.128,126.487,130.722,2024
243,DOM,PCPIEPCH,Dominican Republic,"Inflation, end of period consumer prices",Percent change,Units,-5.864,7.365,7.181,5.995,38.636,30.853,4.399,22.672,55.798,34.594,79.919,7.902,5.165,2.788,14.314,9.216,3.949,8.366,7.82,5.101,9.019,4.384,10.512,42.655,28.74,7.437,5,8.878,4.517,5.765,6.238,7.76,3.907,3.876,1.582,2.344,1.695,4.204,1.171,3.656,5.554,8.496,7.827,3.569,3.348,2024
248,ECU,PCPI,Ecuador,"Inflation, average consumer prices",Index,Units,0.051,0.059,0.069,0.102,0.134,0.172,0.211,0.273,0.432,0.76,1.128,1.679,2.591,3.757,4.788,5.884,7.32,9.56,13.011,19.803,38.833,53.463,60.138,64.907,66.686,68.133,70.38,71.982,78.029,82.055,84.972,88.774,93.303,95.842,99.282,103.22,105.004,105.442,105.206,105.486,105.129,105.269,108.917,111.331,113.053,2024
248,ECU,PCPIPCH,Ecuador,"Inflation, average consumer prices",Percent change,Units,13.049,16.387,16.258,48.434,31.23,27.983,23.03,29.504,58.216,75.648,48.519,48.804,54.341,45,27.443,22.886,24.4,30.6,36.1,52.2,96.1,37.674,12.485,7.929,2.741,2.17,3.299,2.276,8.4,5.16,3.554,4.475,5.102,2.722,3.589,3.966,1.728,0.417,-0.224,0.266,-0.339,0.133,3.466,2.216,1.547,2024
248,ECU,PCPIE,Ecuador,"Inflation, end of period consumer prices",Index,Units,0.053,0.062,0.077,0.118,0.147,0.183,0.233,0.308,0.573,0.883,1.32,1.967,3.152,4.16,5.217,6.405,8.039,10.508,15.068,24.214,46.25,56.62,61.92,65.68,66.96,69.057,71.038,73.396,79.878,83.322,86.095,90.752,94.531,97.084,100.644,104.046,105.211,105.004,105.283,105.215,104.233,106.256,110.227,111.715,112.306,2024
248,ECU,PCPIEPCH,Ecuador,"Inflation, end of period consumer prices",Percent change,Units,13.53,17.3,24.4,52.5,25.1,24.4,27.3,32.5,85.7,54.2,49.5,49,60.2,32,25.383,22.774,25.527,30.7,43.4,60.7,91.005,22.422,9.361,6.072,1.949,3.132,2.869,3.319,8.832,4.312,3.328,5.409,4.164,2.701,3.667,3.38,1.12,-0.197,0.266,-0.065,-0.933,1.941,3.737,1.35,0.529,2024
469,EGY,PCPI,Egypt,"Inflation, average consumer prices",Index,Units,1.346,1.486,1.707,1.98,2.318,2.599,3.22,4.031,4.643,5.578,6.761,7.757,9.397,10.435,11.379,12.444,13.327,14.149,14.862,15.419,15.858,16.242,16.608,17.175,18.575,20.192,21.058,23.35,26.092,30.308,33.842,37.583,40.85,43.675,48.083,53.367,58.817,72.658,87.808,99.992,105.692,110.448,119.836,149.067,198.708,2024
469,EGY,PCPIPCH,Egypt,"Inflation, average consumer prices",Percent change,Units,20.5,10.4,14.9,15.982,17.06,12.108,23.9,25.185,15.185,20.129,21.219,14.737,21.142,11.042,9.046,9.361,7.095,6.167,5.041,3.745,2.849,2.417,2.258,3.412,8.151,8.703,4.292,10.882,11.742,16.161,11.658,11.056,8.692,6.916,10.093,10.988,10.212,23.534,20.851,13.875,5.7,4.5,8.5,24.392,33.302,2024
469,EGY,PCPIE,Egypt,"Inflation, end of period consumer prices",Index,Units,1.483,1.625,1.879,2.193,2.623,2.922,3.738,4.677,5.144,6.001,7.284,8.792,9.649,11.092,11.801,12.949,14.005,14.671,15.167,15.603,16,16.4,16.8,17.5,19.6,20.5,22,23.9,28.7,31.5,34.7,38.8,41.6,45.7,49.5,55.1,62.8,81.5,93.2,101.922,107.724,112.995,127.858,173.538,221.249,2024
469,EGY,PCPIEPCH,Egypt,"Inflation, end of period consumer prices",Percent change,Units,20.3,9.6,15.6,16.735,19.58,11.404,27.953,25.11,9.991,16.653,21.38,20.709,9.744,14.953,6.393,9.725,8.156,4.761,3.378,2.877,2.542,2.5,2.439,4.167,12,4.592,7.317,8.636,20.084,9.756,10.159,11.816,7.216,9.856,8.315,11.313,13.975,29.777,14.356,9.359,5.692,4.893,13.154,35.727,27.493,2024
253,SLV,PCPI,El Salvador,"Inflation, average consumer prices",Index,Units,5.508,6.325,7.065,7.992,8.927,10.92,14.408,17.988,21.545,25.348,32.52,37.206,41.381,49.038,54.228,59.668,65.509,68.451,70.196,70.556,72.16,74.863,76.262,77.879,81.347,85.162,88.598,92.656,99.381,99.915,101.093,106.278,108.117,108.936,110.179,109.373,110.034,111.15,112.359,112.443,112.027,115.912,124.253,129.281,130.574,2023
253,SLV,PCPIPCH,El Salvador,"Inflation, average consumer prices",Percent change,Units,17.359,14.818,11.703,13.121,11.705,22.318,31.945,24.849,19.772,17.651,28.294,14.409,11.221,18.505,10.584,10.03,9.79,4.49,2.549,0.513,2.274,3.745,1.869,2.121,4.452,4.69,4.035,4.58,7.258,0.537,1.179,5.129,1.73,0.758,1.141,-0.731,0.604,1.014,1.088,0.074,-0.37,3.468,7.196,4.047,1,2023
253,SLV,PCPIE,El Salvador,"Inflation, end of period consumer prices",Index,Units,6.083,6.793,7.705,8.842,9.708,12.812,16.699,19.972,23.616,29.162,34.8,38.22,45.84,51.38,55.95,62.32,66.9,68.19,71.07,70.34,73.36,74.4,76.48,78.41,82.62,86.14,90.34,94.73,99.92,100,102.13,107.29,108.13,108.98,109.5,110.61,109.58,111.81,112.3,112.29,112.2,119.06,127.77,129.34,129.728,2023
253,SLV,PCPIEPCH,El Salvador,"Inflation, end of period consumer prices",Percent change,Units,18.482,11.68,13.428,14.753,9.798,31.964,30.34,19.599,18.246,23.486,19.333,9.828,19.937,12.086,8.895,11.385,7.349,1.928,4.223,-1.027,4.293,1.418,2.796,2.524,5.369,4.26,4.876,4.859,5.479,0.08,2.13,5.052,0.783,0.786,0.477,1.014,-0.931,2.035,0.438,-0.009,-0.08,6.114,7.316,1.229,0.3,2023
642,GNQ,PCPI,Equatorial Guinea,"Inflation, average consumer prices",Index,Units,5.742,6.701,9.264,14.828,23.654,43.522,35.845,31.123,31.908,33.843,34.155,32.985,31.574,33.295,43.897,52.62,55.009,56.669,61.166,61.394,64.363,69.988,75.294,80.808,84.232,88.981,92.954,95.555,100,105.71,111.362,116.706,120.724,124.561,129.913,132.114,133.961,134.96,136.776,138.478,145.078,144.942,151.999,155.815,160.742,2023
642,GNQ,PCPIPCH,Equatorial Guinea,"Inflation, average consumer prices",Percent change,Units,--,16.7,38.256,60.058,59.518,83.999,-17.64,-13.174,2.524,6.064,0.922,-3.425,-4.279,5.452,31.841,19.872,4.541,3.017,7.936,0.372,4.836,8.739,7.582,7.324,4.237,5.637,4.465,2.798,4.652,5.71,5.346,4.799,3.442,3.179,4.296,1.695,1.398,0.746,1.346,1.244,4.766,-0.094,4.869,2.51,3.162,2023
642,GNQ,PCPIE,Equatorial Guinea,"Inflation, end of period consumer prices",Index,Units,5.802,6.771,9.362,14.984,23.902,38.564,33.353,34.395,34.279,31.47,33.668,33.645,34.593,33.645,48.363,54.02,54.019,56.032,59.723,60.394,64.39,72.233,76.711,81.209,85.346,88.046,91.398,94.813,100,104.997,110.697,116.143,119.121,124.917,128.133,130.187,132.791,132.492,135.923,141.773,140.868,144.919,152.195,158.1,163.5,2023
642,GNQ,PCPIEPCH,Equatorial Guinea,"Inflation, end of period consumer prices",Percent change,Units,n/a,16.7,38.256,60.058,59.518,61.34,-13.514,3.125,-0.337,-8.196,6.985,-0.069,2.82,-2.742,43.746,11.698,-0.003,3.727,6.587,1.124,6.616,12.181,6.2,5.863,5.095,3.163,3.807,3.737,5.47,4.997,5.429,4.919,2.564,4.866,2.575,1.603,2,-0.225,2.59,4.304,-0.638,2.875,5.02,3.88,3.416,2023
643,ERI,PCPI,Eritrea,"Inflation, average consumer prices",Index,Units,n/a,n/a,n/a,n/a,n/a,n/a,n/a,n/a,n/a,n/a,n/a,n/a,19.995,20.953,23.707,26.548,29.279,30.374,33.249,36.041,43.23,49.553,57.916,71.045,88.884,100,107.707,117.841,143.964,192.698,212.54,225.051,238.633,253.604,274.805,353.078,333.387,289.028,247.405,250.622,n/a,n/a,n/a,n/a,n/a,2019
643,ERI,PCPIPCH,Eritrea,"Inflation, average consumer prices",Percent change,Units,n/a,n/a,n/a,n/a,n/a,n/a,n/a,n/a,n/a,n/a,n/a,n/a,n/a,4.787,13.147,11.983,10.288,3.739,9.467,8.397,19.947,14.625,16.877,22.669,25.111,12.506,7.707,9.409,22.168,33.852,10.297,5.887,6.035,6.274,8.36,28.483,-5.577,-13.306,-14.401,1.3,n/a,n/a,n/a,n/a,n/a,2019
643,ERI,PCPIE,Eritrea,"Inflation, end of period consumer prices",Index,Units,n/a,n/a,n/a,n/a,n/a,n/a,n/a,n/a,n/a,n/a,n/a,n/a,19.612,21.695,23.276,26.14,27.057,29.15,31.78,35.156,44.591,48.046,59.489,71.891,84.388,100,108.752,124.941,170.558,202.904,212.428,228.803,243.92,268.152,271.75,409.88,319.54,261.5,184.94,195.297,n/a,n/a,n/a,n/a,n/a,2019
643,ERI,PCPIEPCH,Eritrea,"Inflation, end of period consumer prices",Percent change,Units,n/a,n/a,n/a,n/a,n/a,n/a,n/a,n/a,n/a,n/a,n/a,n/a,n/a,10.619,7.289,12.302,3.509,7.736,9.02,10.625,26.835,7.749,23.818,20.848,17.383,18.5,8.752,14.886,36.511,18.965,4.694,7.708,6.607,9.935,1.342,50.83,-22.041,-18.164,-29.277,5.6,n/a,n/a,n/a,n/a,n/a,2019
939,EST,PCPI,Estonia,"Inflation, average consumer prices",Index,Units,n/a,n/a,n/a,n/a,n/a,n/a,n/a,n/a,n/a,n/a,n/a,n/a,n/a,20.035,29.583,38.163,45.697,49.952,54.338,56.022,58.224,61.5,63.707,64.59,66.553,69.293,72.372,77.253,85.447,85.617,87.963,92.432,96.332,99.459,99.933,100,100.8,104.48,108.045,110.496,109.795,114.722,137.032,149.523,155.106,2024
939,EST,PCPIPCH,Estonia,"Inflation, average consumer prices",Percent change,Units,n/a,n/a,n/a,n/a,n/a,n/a,n/a,n/a,n/a,n/a,n/a,n/a,n/a,n/a,47.656,29.003,19.742,9.311,8.782,3.098,3.932,5.626,3.588,1.387,3.038,4.117,4.444,6.745,10.606,0.199,2.741,5.08,4.219,3.247,0.476,0.068,0.8,3.651,3.412,2.268,-0.634,4.487,19.447,9.116,3.733,2024
939,EST,PCPIE,Estonia,"Inflation, end of period consumer prices",Index,Units,n/a,n/a,n/a,n/a,n/a,n/a,n/a,n/a,n/a,n/a,n/a,n/a,n/a,n/a,32.265,41.58,46.96,52.11,54.78,56.79,59.65,62.16,63.84,64.6,67.7,70.18,73.76,80.94,87.04,85.41,90.04,93.72,97.13,99.12,99.18,99.01,101.34,105.15,108.64,110.59,109.62,122.81,144.3,150.45,156.328,2024
939,EST,PCPIEPCH,Estonia,"Inflation, end of period consumer prices",Percent change,Units,n/a,n/a,n/a,n/a,n/a,n/a,n/a,n/a,n/a,n/a,n/a,n/a,n/a,n/a,n/a,28.871,12.939,10.967,5.124,3.669,5.036,4.208,2.703,1.19,4.799,3.663,5.101,9.734,7.536,-1.873,5.421,4.087,3.638,2.049,0.061,-0.171,2.353,3.76,3.319,1.795,-0.877,12.032,17.499,4.262,3.907,2024
734,SWZ,PCPI,Eswatini,"Inflation, average consumer prices",Index,Units,10.884,13.067,14.479,16.154,18.245,21.978,24.997,28.341,34.121,36.696,41.5,45.208,48.624,54.471,61.971,69.586,74.057,79.941,85.945,90.983,100,107.489,120.247,128.996,133.472,140.005,147.279,159.173,179.32,192.676,201.365,213.663,232.764,245.847,259.814,272.678,294.076,312.372,327.413,335.919,348.925,361.901,379.281,398.051,414.109,2023
734,SWZ,PCPIPCH,Eswatini,"Inflation, average consumer prices",Percent change,Units,18.2,20.056,10.807,11.568,12.94,20.463,13.737,13.377,20.395,7.546,13.092,8.934,7.558,12.023,13.769,12.289,6.425,7.945,7.51,5.862,9.911,7.489,11.869,7.276,3.47,4.895,5.195,8.076,12.657,7.448,4.509,6.107,8.94,5.621,5.681,4.951,7.847,6.221,4.815,2.598,3.872,3.719,4.802,4.949,4.034,2023
734,SWZ,PCPIE,Eswatini,"Inflation, end of period consumer prices",Index,Units,11.984,13.711,15.293,16.918,20.073,23.728,25.839,30.038,35.4,38.459,42.684,46.763,50.769,57.47,65.41,72.038,76.19,82.099,86.125,93.961,100,110.784,123.508,129.231,133.4,143.539,150.427,165.181,186.497,194.891,203.662,219.472,237.612,248.111,263.418,276.353,300.345,314.479,330.895,337.522,353.01,365.202,385.617,402.242,417.828,2023
734,SWZ,PCPIEPCH,Eswatini,"Inflation, end of period consumer prices",Percent change,Units,n/a,14.41,11.538,10.626,18.65,18.211,8.895,16.253,17.849,8.642,10.985,9.556,8.567,13.199,13.815,10.134,5.763,7.756,4.904,9.098,6.427,10.784,11.486,4.633,3.227,7.6,4.799,9.808,12.904,4.501,4.5,7.763,8.265,4.419,6.169,4.91,8.682,4.706,5.22,2.003,4.589,3.454,5.59,4.311,3.875,2023
644,ETH,PCPI,Ethiopia,"Inflation, average consumer prices",Index,Units,5.246,5.348,5.764,5.969,5.95,7.044,7.435,6.755,6.904,7.569,7.964,9.625,11.649,12.812,12.962,14.693,14.828,13.876,14.375,15.517,15.62,14.333,14.57,17.158,17.711,19.775,22.456,26.328,38.011,41.234,44.588,59.405,73.741,79.693,85.594,93.784,100,110.687,125.999,145.918,175.618,222.673,298.243,388.369,472.823,2023
644,ETH,PCPIPCH,Ethiopia,"Inflation, average consumer prices",Percent change,Units,12.437,1.937,7.774,3.569,-0.334,18.403,5.55,-9.146,2.206,9.633,5.206,20.869,21.019,9.99,1.166,13.354,0.919,-6.42,3.6,7.941,0.662,-8.238,1.654,17.762,3.221,11.656,13.558,17.245,44.371,8.479,8.134,33.232,24.132,8.071,7.404,9.569,6.628,10.687,13.833,15.81,20.354,26.794,33.938,30.219,21.746,2023
644,ETH,PCPIE,Ethiopia,"Inflation, end of period consumer prices",Index,Units,5.019,5.291,5.568,5.558,6.061,7.302,6.439,6.139,6.56,7.285,7.65,11.092,11.32,11.853,12.599,14.469,13.167,13.509,13.82,14.799,14.188,13.578,15.48,16.444,17.736,19.921,23.61,27.959,38.932,41.711,47.786,64.95,74.693,80.408,86.128,94.204,100,116.504,128.831,153.972,181.948,245.794,328.887,423.354,512.488,2023
644,ETH,PCPIEPCH,Ethiopia,"Inflation, end of period consumer prices",Percent change,Units,n/a,5.43,5.23,-0.18,9.05,20.47,-11.82,-4.66,6.87,11.05,5.005,44.996,2.053,4.714,6.293,14.835,-8.999,2.6,2.3,7.084,-4.123,-4.3,14.002,6.233,7.852,12.32,18.519,18.424,39.245,7.138,14.564,35.919,15,7.652,7.114,9.377,6.152,16.504,10.581,19.515,18.169,35.09,33.806,28.723,21.054,2023
819,FJI,PCPI,Fiji,"Inflation, average consumer prices",Index,Units,24.008,26.697,28.57,30.515,32.123,33.54,34.14,36.074,40.315,42.81,46.317,49.327,51.735,54.429,54.864,56.062,57.749,59.709,63.138,64.389,65.097,67.873,68.363,71.247,73.261,74.949,76.81,80.506,86.726,89.896,93.212,100,103.416,106.424,106.977,108.447,112.637,116.408,121.159,123.307,120.107,120.294,125.491,128.377,134.154,2024
819,FJI,PCPIPCH,Fiji,"Inflation, average consumer prices",Percent change,Units,14.464,11.2,7.014,6.807,5.271,4.41,1.79,5.664,11.758,6.189,8.191,6.497,4.883,5.207,0.8,2.183,3.01,3.393,5.743,1.983,1.099,4.264,0.722,4.22,2.827,2.303,2.483,4.811,7.726,3.655,3.689,7.282,3.416,2.909,0.519,1.375,3.863,3.348,4.081,1.773,-2.595,0.156,4.32,2.3,4.5,2024
819,FJI,PCPIE,Fiji,"Inflation, end of period consumer prices",Index,Units,n/a,n/a,n/a,n/a,n/a,n/a,n/a,n/a,n/a,n/a,n/a,n/a,n/a,53.855,54.498,55.677,57.017,58.678,63.447,63.554,65.461,66.961,68.024,70.874,73.225,75.202,77.561,80.879,86.187,92.086,95.398,101.459,104.045,107.611,107.717,109.429,113.708,116.917,122.586,121.516,118.093,121.623,125.367,131.761,133.474,2024
819,FJI,PCPIEPCH,Fiji,"Inflation, end of period consumer prices",Percent change,Units,n/a,n/a,n/a,n/a,n/a,n/a,n/a,n/a,n/a,n/a,n/a,n/a,n/a,n/a,1.194,2.163,2.406,2.914,8.128,0.169,3,2.291,1.588,4.19,3.317,2.7,3.137,4.278,6.563,6.843,3.597,6.353,2.548,3.427,0.099,1.589,3.91,2.822,4.849,-0.873,-2.817,2.989,3.078,5.1,1.3,2024
172,FIN,PCPI,Finland,"Inflation, average consumer prices",Index,Units,32.979,36.936,40.371,43.763,46.826,49.551,50.988,53.07,55.795,59.462,62.409,65.246,67.369,69.61,70.733,71.015,71.77,72.643,73.623,74.588,76.789,78.836,80.418,81.456,81.576,82.208,83.256,84.574,87.886,89.322,90.828,93.847,96.814,98.959,100.156,100,100.389,101.232,102.415,103.579,103.976,106.124,113.735,118.672,119.828,2024
172,FIN,PCPIPCH,Finland,"Inflation, average consumer prices",Percent change,Units,11.602,12,9.3,8.4,7,5.82,2.9,4.082,5.135,6.572,4.957,4.545,3.254,3.326,1.614,0.398,1.063,1.217,1.349,1.31,2.952,2.665,2.007,1.29,0.147,0.774,1.275,1.583,3.916,1.634,1.686,3.324,3.162,2.216,1.209,-0.156,0.389,0.839,1.169,1.137,0.383,2.066,7.172,4.34,0.975,2024
172,FIN,PCPIE,Finland,"Inflation, end of period consumer prices",Index,Units,35.287,38.78,42.223,45.819,48.629,51.027,52.75,54.661,57.884,62.018,63.3,66.18,67.9,69.88,71.03,70.7,71.92,73.07,73.64,75.29,77.45,79.27,80.63,81.59,81.71,82.54,83.56,85.18,88.06,89.65,92.13,94.53,97.79,99.68,100.23,99.98,101.08,101.59,102.93,104.1,104.3,107.6,117.06,118.61,120.46,2024
172,FIN,PCPIEPCH,Finland,"Inflation, end of period consumer prices",Percent change,Units,13.761,9.897,8.878,8.518,6.132,4.931,3.377,3.622,5.896,7.143,2.067,4.55,2.599,2.916,1.646,-0.465,1.726,1.599,0.78,2.241,2.869,2.35,1.716,1.191,0.147,1.016,1.236,1.939,3.381,1.806,2.766,2.605,3.449,1.933,0.552,-0.249,1.1,0.505,1.319,1.137,0.192,3.164,8.792,1.324,1.56,2024
132,FRA,PCPI,France,"Inflation, average consumer prices",Index,Units,35.583,40.327,45.158,49.43,53.223,56.326,57.756,59.655,61.267,65.292,65.503,67.732,69.395,70.946,72.127,73.403,74.928,75.88,76.391,76.832,78.226,79.622,81.164,82.927,84.863,86.466,88.102,89.516,92.346,92.44,94.047,96.198,98.33,99.303,99.909,99.998,100.305,101.474,103.604,104.949,105.503,107.683,114.04,120.498,123.29,2024
132,FRA,PCPIPCH,France,"Inflation, average consumer prices",Percent change,Units,13.057,13.333,11.978,9.46,7.674,5.831,2.539,3.289,2.701,6.569,0.323,3.403,2.456,2.235,1.664,1.769,2.079,1.27,0.673,0.577,1.815,1.784,1.937,2.172,2.335,1.888,1.892,1.605,3.161,0.102,1.738,2.287,2.217,0.989,0.611,0.089,0.307,1.166,2.099,1.298,0.527,2.066,5.904,5.663,2.317,2024
132,FRA,PCPIE,France,"Inflation, end of period consumer prices",Index,Units,37.56,42.777,46.923,51.283,54.714,57.287,58.502,60.324,62.183,64.398,66.467,68.603,69.91,71.473,72.55,74.02,75.297,76.2,76.44,77.227,78.833,80.033,81.683,83.637,85.533,87.12,88.44,90.693,92.54,92.923,94.667,97.157,98.827,99.587,99.92,100.1,100.767,102.007,104.257,105.59,105.717,109.29,116.95,121.873,123.947,2024
132,FRA,PCPIEPCH,France,"Inflation, end of period consumer prices",Percent change,Units,13.728,13.892,9.691,9.292,6.69,4.703,2.121,3.115,3.081,3.563,3.212,3.215,1.905,2.236,1.506,2.026,1.725,1.2,0.315,1.029,2.08,1.522,2.062,2.391,2.268,1.855,1.515,2.548,2.036,0.414,1.876,2.63,1.719,0.769,0.335,0.18,0.666,1.231,2.206,1.279,0.12,3.38,7.009,4.21,1.701,2024
646,GAB,PCPI,Gabon,"Inflation, average consumer prices",Index,Units,39.486,42.882,50.043,55.247,58.507,62.778,66.796,66.128,59.647,63.765,73.565,66.333,60.003,60.323,82.11,90.03,90.651,94.253,95.619,93.768,94.24,96.253,96.411,98.441,98.843,100,98.594,103.552,109.002,111.057,112.664,114.086,117.147,117.71,123.021,122.845,125.408,128.734,134.884,137.611,139.954,141.462,147.475,152.834,154.613,2024
646,GAB,PCPIPCH,Gabon,"Inflation, average consumer prices",Percent change,Units,12.321,8.6,16.7,10.4,5.9,7.3,6.4,-1,-9.8,6.903,15.369,-9.83,-9.543,0.534,36.116,9.647,0.69,3.973,1.449,-1.935,0.504,2.136,0.164,2.105,0.408,1.171,-1.406,5.029,5.263,1.885,1.447,1.262,2.683,0.48,4.512,-0.143,2.086,2.652,4.777,2.022,1.703,1.077,4.25,3.634,1.164,2024
646,GAB,PCPIE,Gabon,"Inflation, end of period consumer prices",Index,Units,n/a,n/a,n/a,n/a,n/a,n/a,n/a,n/a,n/a,64.405,74.303,61.884,59.079,59.858,87.961,90.996,91.744,93.685,94.198,93.304,94.979,95.866,96.27,99.66,99.176,100.281,99.606,105.488,111.37,112.334,113.106,115.709,118.216,122.073,124.194,122.765,127.762,129.112,137.185,138.586,140.738,143.095,150.798,154.198,155.568,2024
646,GAB,PCPIEPCH,Gabon,"Inflation, end of period consumer prices",Percent change,Units,n/a,n/a,n/a,n/a,n/a,n/a,n/a,n/a,n/a,n/a,15.369,-16.715,-4.532,1.317,46.95,3.451,0.822,2.115,0.548,-0.949,1.795,0.935,0.421,3.521,-0.486,1.115,-0.673,5.905,5.576,0.866,0.687,2.302,2.167,3.263,1.738,-1.151,4.071,1.057,6.253,1.021,1.553,1.675,5.383,2.254,0.889,2024
648,GMB,PCPI,The Gambia,"Inflation, average consumer prices",Index,Units,20.415,22.031,23.846,26.384,32.217,38.119,59.677,73.827,82.354,89.152,100,108.642,118.946,126.637,128.803,137.795,139.31,143.184,144.78,150.291,151.57,158.379,172.015,201.312,230.074,241.484,246.448,259.682,271.24,283.593,297.913,312.201,326.703,343.827,365.358,390.233,418.425,452.106,481.587,515.856,546.453,586.728,654.28,765.286,853.78,2024
648,GMB,PCPIPCH,The Gambia,"Inflation, average consumer prices",Percent change,Units,5.019,7.92,8.235,10.645,22.106,18.32,56.556,23.712,11.549,8.255,12.168,8.642,9.484,6.466,1.71,6.981,1.099,2.781,1.114,3.807,0.851,4.492,8.61,17.032,14.287,4.959,2.056,5.37,4.451,4.554,5.049,4.796,4.645,5.241,6.262,6.808,7.225,8.049,6.521,7.116,5.931,7.37,11.513,16.966,11.564,2024
648,GMB,PCPIE,The Gambia,"Inflation, end of period consumer prices",Index,Units,20.685,21.538,24.28,28.016,34.93,43.822,66.741,76.964,86.521,93.783,103.619,115.59,120.498,126.677,133.065,138.44,141.559,141.996,148.782,151.385,151.693,163.932,185.252,217.789,235.407,246.814,247.859,262.78,280.741,288.371,305.063,318.432,334.059,352.684,377.193,402.34,434.025,464.169,493.925,531.835,561.965,604.714,687.795,806.784,888.888,2024
648,GMB,PCPIEPCH,The Gambia,"Inflation, end of period consumer prices",Percent change,Units,n/a,4.126,12.731,15.385,24.681,25.455,52.301,15.317,12.418,8.394,10.487,11.553,4.246,5.128,5.043,4.039,2.253,0.309,4.779,1.749,0.203,8.069,13.005,17.564,8.09,4.846,0.423,6.02,6.835,2.718,5.789,4.382,4.908,5.575,6.95,6.667,7.875,6.945,6.411,7.675,5.665,7.607,13.739,17.3,10.177,2024
915,GEO,PCPI,Georgia,"Inflation, average consumer prices",Index,Units,n/a,n/a,n/a,n/a,n/a,n/a,n/a,n/a,n/a,n/a,n/a,n/a,n/a,n/a,n/a,n/a,38.4,41.15,42.617,50.775,52.818,55.294,58.379,61.173,64.633,69.964,76.373,83.433,91.776,93.362,100,108.543,107.519,106.968,110.251,114.665,117.113,124.181,127.428,133.612,140.564,154.011,172.336,176.623,178.583,2024
915,GEO,PCPIPCH,Georgia,"Inflation, average consumer prices",Percent change,Units,n/a,n/a,n/a,n/a,n/a,n/a,n/a,n/a,n/a,n/a,n/a,n/a,n/a,n/a,n/a,n/a,n/a,7.161,3.564,19.144,4.024,4.688,5.579,4.785,5.656,8.247,9.161,9.245,9.999,1.728,7.11,8.543,-0.944,-0.512,3.069,4.004,2.135,6.035,2.615,4.853,5.202,9.567,11.898,2.488,1.11,2024
915,GEO,PCPIE,Georgia,"Inflation, end of period consumer prices",Index,Units,n/a,n/a,n/a,n/a,n/a,n/a,n/a,n/a,n/a,n/a,n/a,n/a,n/a,n/a,n/a,n/a,39.7,42.5,47.1,52.3,54.64,56.499,59.563,63.705,68.472,72.702,79.084,87.764,92.632,95.399,106.121,108.288,106.8,109.334,111.468,116.907,119.048,127.044,128.969,137.992,141.311,161.009,176.864,177.637,180.95,2024
915,GEO,PCPIEPCH,Georgia,"Inflation, end of period consumer prices",Percent change,Units,n/a,n/a,n/a,n/a,n/a,n/a,n/a,n/a,n/a,n/a,n/a,n/a,n/a,n/a,n/a,n/a,n/a,7.053,10.824,11.04,4.474,3.403,5.423,6.953,7.483,6.179,8.778,10.975,5.548,2.986,11.24,2.041,-1.373,2.372,1.952,4.879,1.832,6.716,1.515,6.997,2.405,13.939,9.847,0.437,1.865,2024
134,DEU,PCPI,Germany,"Inflation, average consumer prices",Index,Units,48.74,51.822,54.546,56.338,57.687,58.89,58.816,58.959,59.709,61.368,63.017,65.206,68.496,71.562,73.507,74.78,75.733,76.875,77.333,77.833,78.933,80.433,81.5,82.375,83.842,85.458,86.975,88.95,91.4,91.625,92.65,94.95,97,98.558,99.317,99.992,100.358,102.067,104.042,105.45,105.842,109.242,118.708,125.867,129,2024
134,DEU,PCPIPCH,Germany,"Inflation, average consumer prices",Percent change,Units,5.447,6.324,5.256,3.284,2.396,2.084,-0.125,0.242,1.274,2.778,2.687,3.474,5.046,4.476,2.717,1.733,1.274,1.507,0.596,0.647,1.413,1.9,1.326,1.074,1.78,1.928,1.775,2.271,2.754,0.246,1.119,2.482,2.159,1.607,0.769,0.68,0.367,1.702,1.935,1.354,0.371,3.212,8.666,6.03,2.489,2024
134,DEU,PCPIE,Germany,"Inflation, end of period consumer prices",Index,Units,n/a,n/a,n/a,n/a,n/a,n/a,n/a,n/a,n/a,n/a,n/a,66.98,69.19,72.096,73.899,75.007,76.1,77.2,77.3,78.4,80,81.1,81.9,82.8,84.6,86.4,87.6,90.3,91.2,92,93.7,95.9,97.9,99.2,99.4,99.6,101.3,102.9,104.8,106.233,105.6,111.367,123.4,127.067,130.267,2024
134,DEU,PCPIEPCH,Germany,"Inflation, end of period consumer prices",Percent change,Units,n/a,n/a,n/a,n/a,n/a,n/a,n/a,n/a,n/a,n/a,n/a,n/a,3.3,4.2,2.5,1.5,1.457,1.445,0.13,1.423,2.041,1.375,0.986,1.099,2.174,2.128,1.389,3.082,0.997,0.877,1.848,2.348,2.086,1.328,0.202,0.201,1.707,1.579,1.846,1.368,-0.596,5.461,10.805,2.971,2.518,2024
652,GHA,PCPI,Ghana,"Inflation, average consumer prices",Index,Units,0.057,0.123,0.151,0.335,0.469,0.518,0.645,0.901,1.184,1.483,2.035,2.403,2.644,3.304,4.126,6.573,9.497,11.855,14.132,15.895,19.886,26.435,30.36,38.443,43.312,49.85,55.674,61.647,71.822,81.259,86.702,93.357,99.959,111.621,128.907,151.019,177.378,199.323,218.931,234.711,257.99,283.726,374.295,521.056,640.246,2024
652,GHA,PCPIPCH,Ghana,"Inflation, average consumer prices",Percent change,Units,50.005,116.504,22.485,122.245,40.03,10.301,24.539,39.758,31.369,25.237,37.241,18.097,10.049,24.942,24.874,59.317,44.487,24.825,19.208,12.471,25.113,32.932,14.846,26.626,12.666,15.095,11.683,10.729,16.505,13.139,6.698,7.676,7.072,11.666,15.486,17.153,17.455,12.372,9.837,7.208,9.918,9.976,31.921,39.21,22.875,2024
652,GHA,PCPIE,Ghana,"Inflation, end of period consumer prices",Index,Units,0.076,0.153,0.178,0.432,0.458,0.547,0.73,0.979,1.239,1.616,2.197,2.422,2.745,3.504,4.702,8.032,10.13,12.373,14.322,16.297,22.904,27.78,31.994,39.533,44.189,50.745,56.288,63.464,74.973,82.064,87.701,95.042,102.764,116.632,136.445,160.584,185.253,207.152,226.676,244.575,270.189,304.289,469.038,577.805,715.529,2024
652,GHA,PCPIEPCH,Ghana,"Inflation, end of period consumer prices",Percent change,Units,n/a,100.222,16.787,142.418,5.988,19.499,33.335,34.164,26.571,30.458,35.902,10.261,13.33,27.656,34.179,70.817,26.123,22.141,15.752,13.791,40.54,21.288,15.171,23.563,11.777,14.838,10.923,12.748,18.133,9.459,6.868,8.372,8.124,13.495,16.987,17.692,15.362,11.821,9.425,7.896,10.473,12.621,54.143,23.189,23.836,2024
174,GRC,PCPI,Greece,"Inflation, average consumer prices",Index,Units,6.189,7.702,9.33,11.212,13.282,15.847,19.494,22.691,25.758,29.288,35.272,42.135,48.825,55.861,61.935,67.378,72.682,76.637,80.099,81.814,84.184,87.249,90.671,93.799,96.631,100,103.314,106.402,110.903,112.397,117.684,121.354,122.609,121.562,119.868,118.557,118.573,119.922,120.851,121.476,119.943,120.632,131.85,137.328,141.444,2024
174,GRC,PCPIPCH,Greece,"Inflation, average consumer prices",Percent change,Units,24.873,24.463,21.125,20.179,18.456,19.315,23.017,16.397,13.518,13.702,20.434,19.456,15.877,14.411,10.873,8.788,7.873,5.441,4.517,2.141,2.897,3.642,3.921,3.45,3.02,3.486,3.314,2.989,4.23,1.347,4.704,3.118,1.035,-0.854,-1.394,-1.094,0.013,1.138,0.774,0.517,-1.262,0.574,9.3,4.155,2.997,2024
174,GRC,PCPIE,Greece,"Inflation, end of period consumer prices",Index,Units,6.794,8.323,9.909,11.906,14.055,17.543,20.526,23.761,27.08,31.101,38.218,45.104,51.6,57.799,63.964,68.962,73.755,77.106,79.956,81.805,84.807,87.797,90.868,93.683,96.615,100,103.199,107.178,109.528,112.32,118.113,120.684,121.068,118.869,115.856,116.31,116.647,117.776,118.52,119.765,116.903,121.999,131.235,136.075,140.088,2024
174,GRC,PCPIEPCH,Greece,"Inflation, end of period consumer prices",Percent change,Units,26.189,22.509,19.048,20.153,18.05,24.823,17.001,15.761,13.969,14.848,22.883,18.019,14.402,12.013,10.666,7.815,6.95,4.543,3.696,2.313,3.669,3.525,3.498,3.098,3.129,3.504,3.199,3.855,2.193,2.549,5.158,2.177,0.318,-1.816,-2.535,0.392,0.29,0.967,0.632,1.05,-2.39,4.359,7.571,3.688,2.949,2024
328,GRD,PCPI,Grenada,"Inflation, average consumer prices",Index,Units,36.13,42.918,46.271,49.092,51.87,53.168,53.464,52.997,55.117,58.2,59.786,61.367,63.685,65.474,69.687,71.797,73.256,74.168,75.21,75.642,77.262,78.553,79.392,81.103,82.978,85.863,89.513,92.968,100.436,100.126,103.567,106.708,109.281,109.233,108.158,107.601,109.37,110.368,111.258,111.923,111.093,112.45,115.33,118.461,120.127,2023
328,GRD,PCPIPCH,Grenada,"Inflation, average consumer prices",Percent change,Units,21.821,18.787,7.813,6.095,5.66,2.501,0.557,-0.872,4,5.593,2.724,2.645,3.778,2.809,6.435,3.027,2.032,1.245,1.405,0.574,2.142,1.671,1.067,2.155,2.313,3.476,4.252,3.859,8.033,-0.309,3.437,3.033,2.411,-0.044,-0.983,-0.515,1.644,0.912,0.806,0.598,-0.742,1.221,2.561,2.715,1.407,2023
328,GRD,PCPIE,Grenada,"Inflation, end of period consumer prices",Index,Units,37.41,41.356,46.269,49.709,53.176,55.168,56.196,55.728,56.036,59.906,62.169,64.551,65.177,68.355,70.864,72.185,73.741,74.952,75.824,76.645,79.288,78.73,80.53,81.85,83.89,89.09,90.56,97.26,102.29,99.89,104.1,107.76,109.71,108.35,107.67,108.87,109.87,110.46,112.01,112.09,111.19,113.32,116.61,119.17,120.538,2023
328,GRD,PCPIEPCH,Grenada,"Inflation, end of period consumer prices",Percent change,Units,21.847,10.547,11.882,7.434,6.975,3.745,1.864,-0.833,0.553,6.906,3.778,3.831,0.969,4.877,3.67,1.864,2.155,1.642,1.164,1.083,3.448,-0.704,2.286,1.639,2.492,6.199,1.65,7.398,5.172,-2.346,4.215,3.516,1.81,-1.24,-0.628,1.115,0.919,0.537,1.403,0.071,-0.803,1.916,2.903,2.195,1.148,2023
258,GTM,PCPI,Guatemala,"Inflation, average consumer prices",Index,Units,2.502,2.787,2.924,3.12,3.22,3.838,5.096,5.649,6.23,7.039,9.713,13.123,14.467,16.4,18.452,20.004,22.217,24.268,25.872,27.22,28.847,30.951,33.468,35.343,38.02,41.484,44.206,47.222,52.582,53.561,55.677,59.127,61.374,64.038,66.23,67.811,70.829,73.962,76.737,79.576,82.133,85.634,91.528,97.211,100,2024
258,GTM,PCPIPCH,Guatemala,"Inflation, average consumer prices",Percent change,Units,10.667,11.4,4.898,6.719,3.208,19.176,32.78,10.848,10.295,12.988,37.977,35.105,10.245,13.362,12.51,8.414,11.06,9.231,6.61,5.212,5.976,7.294,8.134,5.602,7.573,9.111,6.561,6.822,11.351,1.862,3.95,6.197,3.8,4.341,3.423,2.388,4.45,4.423,3.752,3.701,3.212,4.263,6.882,6.209,2.869,2024
258,GTM,PCPIE,Guatemala,"Inflation, end of period consumer prices",Index,Units,2.747,2.988,2.926,3.136,3.362,4.3,5.225,5.71,6.413,7.708,12.318,13.553,15.481,17.283,19.29,20.95,23.23,24.88,26.74,28.06,29.48,32.11,34.14,36.14,39.47,42.86,45.34,49.3,53.94,53.79,56.739,60.252,62.334,65.066,66.988,69.04,71.962,76.046,77.807,80.45,84.333,86.925,94.952,98.916,100.597,2024
258,GTM,PCPIEPCH,Guatemala,"Inflation, end of period consumer prices",Percent change,Units,9,8.8,-2.1,7.2,7.2,27.9,21.5,9.3,12.3,20.2,59.8,10.032,14.22,11.644,11.61,8.605,10.883,7.103,7.476,4.936,5.061,8.921,6.322,5.858,9.214,8.589,5.786,8.734,9.412,-0.278,5.483,6.192,3.455,4.383,2.953,3.063,4.233,5.675,2.316,3.396,4.827,3.074,9.234,4.174,1.7,2024
656,GIN,PCPI,Guinea,"Inflation, average consumer prices",Index,Units,0.269,0.363,0.472,0.615,0.775,0.922,1.519,2.079,2.647,3.395,4.267,5.107,5.952,6.377,6.646,7.015,7.225,7.365,7.74,8.093,8.641,9.105,9.375,10.409,12.227,16.061,21.635,26.581,31.463,32.936,38.03,46.15,53.177,59.498,65.277,70.597,76.368,83.176,91.349,100,110.602,124.534,137.609,148.385,160.421,2024
656,GIN,PCPIPCH,Guinea,"Inflation, average consumer prices",Percent change,Units,39.985,35,29.915,30.263,26.01,19.038,64.7,36.89,27.291,28.256,25.694,19.682,16.559,7.135,4.22,5.554,2.986,1.937,5.103,4.554,6.766,5.377,2.96,11.036,17.463,31.358,34.702,22.861,18.367,4.682,15.466,21.351,15.227,11.887,9.712,8.151,8.174,8.914,9.826,9.471,10.602,12.597,10.499,7.831,8.112,2024
656,GIN,PCPIE,Guinea,"Inflation, end of period consumer prices",Index,Units,n/a,n/a,n/a,n/a,n/a,n/a,1.77,2.366,2.987,3.766,4.795,5.382,6.248,6.561,6.727,7.077,7.222,7.605,7.949,8.439,9.047,9.149,9.709,10.883,13.892,18.012,25.061,28.274,32.092,34.627,41.831,49.789,56.179,62.105,67.674,72.63,78.95,86.487,95.086,103.76,114.737,129.118,140.239,153.233,163.072,2024
656,GIN,PCPIEPCH,Guinea,"Inflation, end of period consumer prices",Percent change,Units,n/a,n/a,n/a,n/a,n/a,n/a,n/a,33.654,26.259,26.068,27.331,12.233,16.1,4.996,2.543,5.2,2.053,5.291,4.529,6.161,7.207,1.13,6.118,12.094,27.644,29.663,39.132,12.822,13.504,7.899,20.803,19.026,12.833,10.548,8.968,7.324,8.701,9.546,9.942,9.122,10.579,12.535,8.613,9.265,6.421,2024
654,GNB,PCPI,Guinea-Bissau,"Inflation, average consumer prices",Index,Units,0.067,0.095,0.11,0.136,0.224,0.477,0.604,1.128,1.809,3.27,4.349,6.854,11.615,17.216,19.829,28.778,43.435,64.746,69.972,68.508,74.407,76.826,79.363,76.606,77.234,79.828,81.387,85.153,94.048,92.508,93.499,98.225,100.249,101.031,99.988,101.47,104.217,104.023,104.42,104.718,106.251,109.729,118.417,126.9,131.6,2024
654,GNB,PCPIPCH,Guinea-Bissau,"Inflation, average consumer prices",Percent change,Units,64.762,41.94,16.542,23.309,64.855,112.71,26.548,86.771,60.309,80.788,33.001,57.599,69.444,48.227,15.176,45.133,50.933,49.065,8.071,-2.092,8.61,3.252,3.302,-3.474,0.821,3.358,1.953,4.627,10.445,-1.637,1.071,5.055,2.061,0.779,-1.032,1.481,2.707,-0.186,0.381,0.286,1.463,3.274,7.917,7.164,3.704,2024
654,GNB,PCPIE,Guinea-Bissau,"Inflation, end of period consumer prices",Index,Units,0.062,0.078,0.094,0.138,0.268,0.413,0.738,1.452,2.183,3.643,4.813,7.706,14.387,18.803,22.428,33.568,55.585,64.889,70.038,64.49,75.25,73.829,75.689,76.239,78.44,78.675,81.19,88.736,96.438,90.308,95.458,98.75,100.349,100.255,100.161,102.606,103.5,103,105.47,105.37,106.95,113.2,123.9,127.7,135,2024
654,GNB,PCPIEPCH,Guinea-Bissau,"Inflation, end of period consumer prices",Percent change,Units,n/a,27.04,20.184,46.25,94.642,54.101,78.517,96.877,50.32,66.839,32.138,60.099,86.697,30.7,19.277,49.669,65.59,16.738,7.936,-7.922,16.684,-1.888,2.519,0.727,2.887,0.301,3.197,9.293,8.68,-6.357,5.703,3.448,1.619,-0.094,-0.094,2.441,0.871,-0.483,2.398,-0.095,1.499,5.844,9.452,3.067,5.717,2024
336,GUY,PCPI,Guyana,"Inflation, average consumer prices",Index,Units,0.836,1.022,1.232,1.421,1.778,2.045,2.207,2.84,3.973,7.529,12.37,25.124,31.832,34.506,38.784,43.524,46.611,48.269,50.474,54.276,57.593,59.118,62.287,66.011,69.094,73.878,78.811,88.426,95.59,98.413,102.646,107.17,109.733,111.828,112.593,111.618,112.542,114.729,116.189,118.619,120.081,124.069,132.105,138.075,141.465,2023
336,GUY,PCPIPCH,Guyana,"Inflation, average consumer prices",Percent change,Units,14.088,22.235,20.607,15.288,25.139,15.031,7.9,28.7,39.9,89.5,64.3,103.1,26.7,8.4,12.4,12.222,7.092,3.556,4.568,7.533,6.112,2.648,5.36,5.979,4.67,6.925,6.677,12.2,8.102,2.952,4.302,4.408,2.391,1.909,0.684,-0.865,0.827,1.944,1.272,2.092,1.232,3.321,6.477,4.519,2.455,2023
336,GUY,PCPIE,Guyana,"Inflation, end of period consumer prices",Index,Units,1.011,1.304,1.556,1.73,2.216,2.386,2.544,3.423,4.666,9.532,16.71,29.911,33.65,35.938,41.723,45.105,47.128,49.085,51.426,55.86,59.136,60.024,63.679,66.872,70.521,76.36,79.539,90.701,96.479,100,104.43,107.88,111.63,112.62,113.94,111.873,113.5,115.214,117.1,119.514,120.647,127.49,136.72,139.43,143.5,2023
336,GUY,PCPIEPCH,Guyana,"Inflation, end of period consumer prices",Percent change,Units,8.487,29.011,19.315,11.176,28.085,7.667,6.614,34.562,36.295,104.3,75.3,79,12.5,6.8,16.095,8.106,4.485,4.153,4.77,8.622,5.864,1.502,6.089,5.014,5.457,8.279,4.163,14.033,6.37,3.65,4.43,3.304,3.476,0.887,1.172,-1.814,1.454,1.51,1.637,2.061,0.948,5.672,7.24,1.982,2.919,2023
263,HTI,PCPI,Haiti,"Inflation, average consumer prices",Index,Units,1.914,2.122,2.278,2.511,2.672,2.957,3.054,2.704,2.815,3.01,3.65,4.213,5.029,6.163,8.786,11.439,13.794,15.395,16.41,16.868,17.956,20.737,22.096,27.01,33.954,38.745,43.771,46.797,52.652,55.599,57.223,60.222,63.654,67.027,69.142,72.818,81.145,89.754,100,117.308,144.225,167.216,213.328,307.405,386.85,2024
263,HTI,PCPIPCH,Haiti,"Inflation, average consumer prices",Percent change,Units,19.079,10.858,7.359,10.244,6.402,10.649,3.28,-11.449,4.105,6.924,21.276,15.42,19.358,22.556,42.557,30.2,20.584,11.606,6.591,2.794,6.446,15.489,6.555,22.238,25.71,14.111,12.972,6.913,12.511,5.597,2.921,5.242,5.699,5.299,3.155,5.317,11.435,10.61,11.416,17.308,22.945,15.941,27.576,44.1,25.844,2024
263,HTI,PCPIE,Haiti,"Inflation, end of period consumer prices",Index,Units,n/a,2.356,2.47,2.748,2.898,3.402,3.016,2.891,3.141,3.482,4.391,4.996,5.754,7.347,10.431,12.329,14.427,15.966,16.634,17.191,18.896,21.307,23.065,30.776,36.085,41.42,45.377,47.949,57.106,55.577,57.941,62.264,65.206,68.014,70.725,76.693,84.875,94.07,106.539,127.5,159.6,180.447,250.2,329.86,421.8,2024
263,HTI,PCPIEPCH,Haiti,"Inflation, end of period consumer prices",Percent change,Units,n/a,n/a,4.857,11.249,5.428,17.419,-11.351,-4.133,8.622,10.865,26.115,13.761,15.181,27.681,41.976,18.2,17.015,10.673,4.185,3.346,9.915,12.761,8.25,33.432,17.252,14.783,9.554,5.669,19.097,-2.678,4.253,7.461,4.726,4.306,3.985,8.439,10.668,10.834,13.255,19.675,25.176,13.062,38.656,31.839,27.872,2024
268,HND,PCPI,Honduras,"Inflation, average consumer prices",Index,Units,9.388,10.271,11.198,12.118,12.691,13.117,13.688,14.029,14.659,16.103,19.858,26.6,28.925,32.042,39.017,50.5,62.542,75.175,85.45,95.417,105.958,116.2,125.15,134.75,145.683,158.517,167.358,178.967,199.375,210.333,220.217,235.108,247.325,260.092,276.033,284.75,292.508,304.017,317.233,331.083,342.567,357.917,390.45,416.467,435.65,2024
268,HND,PCPIPCH,Honduras,"Inflation, average consumer prices",Percent change,Units,18.074,9.406,9.023,8.213,4.726,3.363,4.353,2.487,4.491,9.85,23.323,33.949,8.741,10.775,21.769,29.432,23.845,20.2,13.668,11.664,11.048,9.666,7.702,7.671,8.114,8.809,5.578,6.936,11.403,5.496,4.699,6.762,5.196,5.162,6.129,3.158,2.725,3.934,4.347,4.366,3.468,4.481,9.09,6.663,4.606,2024
268,HND,PCPIE,Honduras,"Inflation, end of period consumer prices",Index,Units,9.694,10.581,11.511,12.412,12.866,13.413,13.839,14.243,15.201,16.933,23.1,28,29.8,33.7,43.5,55.1,69.1,77.9,90.1,100,110.1,119.8,129.5,138.3,151,162.7,171.3,186.5,206.7,212.8,226.6,239.3,252.2,264.6,280,286.6,296.1,310.1,323.2,336.4,349.9,368.5,404.6,425.6,442.1,2024
268,HND,PCPIEPCH,Honduras,"Inflation, end of period consumer prices",Percent change,Units,11.515,9.151,8.786,7.83,3.659,4.247,3.175,2.923,6.726,11.391,36.421,21.212,6.429,13.087,29.08,26.667,25.408,12.735,15.661,10.988,10.1,8.81,8.097,6.795,9.183,7.748,5.286,8.873,10.831,2.951,6.485,5.605,5.391,4.917,5.82,2.357,3.315,4.728,4.224,4.084,4.013,5.316,9.796,5.19,3.877,2024
532,HKG,PCPI,Hong Kong SAR,"Inflation, average consumer prices",Index,Units,19.555,21.408,23.767,26.125,28.358,29.367,30.417,32.142,34.658,38.2,42.142,46.858,51.35,55.867,60.792,66.283,70.475,74.575,76.683,73.642,70.9,69.758,67.633,65.883,65.642,66.242,67.567,68.942,71.908,72.325,73.983,77.908,81.067,84.583,88.325,90.967,93.158,94.55,96.825,99.617,99.867,101.433,103.342,105.508,107.333,2024
532,HKG,PCPIPCH,Hong Kong SAR,"Inflation, average consumer prices",Percent change,Units,4.444,9.479,11.016,9.923,8.549,3.556,3.575,5.671,7.83,10.219,10.318,11.192,9.586,8.796,8.816,9.034,6.324,5.818,2.827,-3.967,-3.723,-1.61,-3.046,-2.587,-0.367,0.914,2,2.035,4.303,0.579,2.293,5.305,4.054,4.338,4.424,2.991,2.409,1.494,2.406,2.883,0.251,1.569,1.881,2.097,1.73,2024
532,HKG,PCPIE,Hong Kong SAR,"Inflation, end of period consumer prices",Index,Units,n/a,22.4,24.7,27.4,28.8,29.7,30.9,33.2,36,39.6,44.2,48.5,53.2,58,63.5,68,72.5,76.2,75,72,70.5,68,66.9,65.7,65.9,66.8,68.3,70.9,72.4,73.5,75.7,80,82.9,86.5,90.7,92.8,93.9,95.5,97.9,100.7,99.8,102.2,104.2,106.579,106.575,2024
532,HKG,PCPIEPCH,Hong Kong SAR,"Inflation, end of period consumer prices",Percent change,Units,n/a,n/a,10.268,10.931,5.109,3.125,4.04,7.443,8.434,10,11.616,9.729,9.691,9.023,9.483,7.087,6.618,5.103,-1.575,-4,-2.083,-3.546,-1.618,-1.794,0.304,1.366,2.246,3.807,2.116,1.519,2.993,5.68,3.625,4.343,4.855,2.315,1.185,1.704,2.513,2.86,-0.894,2.405,1.957,2.283,-0.004,2024
944,HUN,PCPI,Hungary,"Inflation, average consumer prices",Index,Units,3.371,3.523,3.77,4.012,4.359,4.664,4.911,5.337,6.18,7.228,9.321,12.512,15.384,18.838,22.392,28.729,35.468,41.957,47.926,52.706,57.864,63.16,66.483,69.584,74.282,76.928,79.932,86.288,91.513,95.355,100,103.929,109.812,111.693,111.437,111.364,111.806,114.438,117.687,121.656,125.676,132.092,151.404,177.355,183.93,2024
944,HUN,PCPIPCH,Hungary,"Inflation, average consumer prices",Percent change,Units,9.286,4.511,7.016,6.403,8.651,7.007,5.292,8.682,15.788,16.95,28.97,34.234,22.95,22.451,18.866,28.303,23.455,18.295,14.227,9.973,9.788,9.151,5.261,4.665,6.75,3.562,3.904,7.952,6.056,4.198,4.872,3.929,5.661,1.713,-0.229,-0.066,0.397,2.354,2.839,3.373,3.305,5.105,14.62,17.14,3.707,2024
944,HUN,PCPIE,Hungary,"Inflation, end of period consumer prices",Index,Units,n/a,n/a,n/a,n/a,n/a,n/a,n/a,n/a,6.57,7.76,10.351,13.684,16.64,20.151,24.424,31.335,37.526,44.44,49.023,54.506,60.001,64.091,67.179,71.028,74.9,77.396,82.444,88.528,91.627,96.72,101.24,105.364,110.609,111.066,110.033,110.993,112.954,115.371,118.529,123.264,126.642,135.966,169.345,178.659,186.878,2024
944,HUN,PCPIEPCH,Hungary,"Inflation, end of period consumer prices",Percent change,Units,n/a,n/a,n/a,n/a,n/a,n/a,n/a,n/a,n/a,18.1,33.4,32.2,21.6,21.1,21.2,28.3,19.756,18.425,10.312,11.186,10.081,6.818,4.817,5.731,5.451,3.332,6.523,7.38,3.5,5.558,4.674,4.073,4.978,0.413,-0.931,0.873,1.767,2.139,2.738,3.995,2.74,7.363,24.549,5.5,4.6,2024
176,ISL,PCPI,Iceland,"Inflation, average consumer prices",Index,Units,2.995,4.519,6.825,12.576,16.244,21.504,26.078,30.971,38.855,44.49,51.392,54.891,57.064,59.394,60.315,61.313,62.694,63.82,64.907,66.997,70.427,74.931,78.81,80.435,82.97,86.289,92.048,96.712,108.975,122.058,128.642,133.775,140.725,146.192,149.167,151.6,154.167,156.892,161.092,165.933,170.658,178.267,193.075,209.95,222.25,2024
176,ISL,PCPIPCH,Iceland,"Inflation, average consumer prices",Percent change,Units,58.548,50.864,51.019,84.275,29.17,32.376,21.273,18.763,25.456,14.503,15.513,6.809,3.959,4.083,1.55,1.655,2.252,1.796,1.703,3.22,5.12,6.396,5.177,2.062,3.152,4,6.674,5.066,12.68,12.006,5.394,3.99,5.195,3.885,2.035,1.631,1.693,1.768,2.677,3.006,2.848,4.458,8.307,8.74,5.859,2024
176,ISL,PCPIE,Iceland,"Inflation, end of period consumer prices",Index,Units,3.379,5.045,8.065,14.247,16.928,23.011,26.119,32.502,39.2,49.11,52.66,56.62,57.48,60.21,60.52,61.73,63,64.29,65.11,68.71,71.56,77.75,79.27,81.46,84.65,88.15,94.29,99.82,117.9,126.7,129.9,136.7,142.5,148.4,149.6,152.6,155.5,158.4,164.3,167.6,173.6,182.5,200,215.5,225.7,2024
176,ISL,PCPIEPCH,Iceland,"Inflation, end of period consumer prices",Percent change,Units,55.701,49.29,59.866,76.645,18.816,35.936,13.507,24.44,20.607,25.281,7.229,7.52,1.519,4.749,0.515,1.999,2.057,2.048,1.275,5.529,4.148,8.65,1.955,2.763,3.916,4.135,6.965,5.865,18.113,7.464,2.526,5.235,4.243,4.14,0.809,2.005,1.9,1.865,3.725,2.009,3.58,5.127,9.589,7.75,4.733,2024
534,IND,PCPI,India,"Inflation, average consumer prices",Index,Units,8.903,10.03,10.806,12.163,12.955,13.765,14.989,16.347,17.526,18.327,20.379,23.126,25.407,27.257,30.057,33.051,36.169,38.644,43.717,45.214,46.94,49.025,51.475,53.583,55.725,57.775,61.667,65.317,71.333,78.9,86.292,93.292,102.667,112.3,118.85,124.683,130.325,135,139.608,146.267,155.283,163.833,174.733,184.1,192.694,2024
534,IND,PCPIPCH,India,"Inflation, average consumer prices",Percent change,Units,11.346,12.654,7.736,12.558,6.518,6.251,8.89,9.058,7.214,4.57,11.198,13.481,9.862,7.283,10.272,9.96,9.433,6.845,13.126,3.425,3.817,4.442,4.997,4.096,3.997,3.679,6.736,5.919,9.212,10.607,9.368,8.112,10.049,9.383,5.833,4.908,4.525,3.587,3.414,4.769,6.165,5.506,6.653,5.361,4.668,2024
534,IND,PCPIE,India,"Inflation, end of period consumer prices",Index,Units,9.225,10.174,11.09,12.43,13.029,14.049,15.246,16.692,17.464,18.521,21.302,24.153,25.561,27.992,30.737,33.448,37.004,40.351,43.976,45.597,46.933,49.567,51.933,53.933,56.3,58.6,62.567,66.6,72.633,81.767,88.767,95.667,105.7,113.8,119.8,126.1,130.6,136.6,139.967,149.3,156.567,166.5,176.833,185.7,192.941,2024
534,IND,PCPIEPCH,India,"Inflation, end of period consumer prices",Percent change,Units,11.949,10.285,9.005,12.083,4.813,7.833,8.517,9.485,4.629,6.049,15.016,13.385,5.832,9.509,9.807,8.82,10.63,9.044,8.985,3.685,2.932,5.611,4.775,3.851,4.388,4.085,6.769,6.446,9.059,12.575,8.561,7.773,10.488,7.663,5.272,5.259,3.569,4.594,2.465,6.668,4.867,6.344,6.206,5.014,3.899,2024
536,IDN,PCPI,Indonesia,"Inflation, average consumer prices",Index,Units,3.419,3.837,4.201,4.696,5.188,5.432,5.748,6.28,6.787,7.222,7.785,8.52,9.163,10.048,10.905,11.932,12.884,13.688,21.687,26.127,27.09,30.197,33.793,36.088,38.275,42.28,47.818,50.84,55.858,58.542,61.549,64.839,67.419,71.741,76.332,81.187,84.053,87.253,90.124,92.668,94.55,96.026,100,103.713,106.098,2024
536,IDN,PCPIPCH,Indonesia,"Inflation, average consumer prices",Percent change,Units,18.017,12.244,9.481,11.787,10.475,4.705,5.821,9.25,8.072,6.407,7.8,9.435,7.546,9.664,8.528,9.415,7.981,6.237,58.447,20.47,3.688,11.466,11.908,6.791,6.062,10.464,13.099,6.319,9.871,4.804,5.137,5.345,3.979,6.41,6.399,6.36,3.53,3.807,3.291,2.822,2.031,1.561,4.139,3.713,2.3,2024
536,IDN,PCPIE,Indonesia,"Inflation, end of period consumer prices",Index,Units,3.66,3.928,4.322,4.839,5.281,5.515,6.02,6.579,6.939,7.372,8.093,8.904,9.354,10.309,11.31,12.319,13.058,14.41,25.593,26.08,28.513,32.1,35.29,37.12,39.49,46.26,49.31,52.16,57.93,59.54,63.68,66.09,68.5,74.04,80.23,82.92,85.43,88.51,91.31,93.67,95.24,97.03,102.28,105.15,106.8,2024
536,IDN,PCPIEPCH,Indonesia,"Inflation, end of period consumer prices",Percent change,Units,17.111,7.323,10.027,11.969,9.125,4.437,9.15,9.281,5.479,6.234,9.78,10.022,5.061,10.212,9.703,8.924,5.999,10.352,77.611,1.901,9.33,12.579,9.938,5.186,6.385,17.144,6.593,5.78,11.062,2.779,6.953,3.785,3.647,8.088,8.36,3.353,3.027,3.605,3.163,2.585,1.676,1.879,5.411,2.806,1.569,2024
429,IRN,PCPI,Islamic Republic of Iran,"Inflation, average consumer prices",Index,Units,0.053,0.066,0.079,0.094,0.106,0.111,0.137,0.175,0.225,0.264,0.288,0.346,0.431,0.528,0.712,1.063,1.318,1.536,1.819,2.187,2.456,2.74,3.173,3.667,4.229,4.663,5.222,6.184,7.749,8.587,9.643,12.083,15.625,20.758,23.775,26.425,28.233,30.558,38.783,52.275,71.333,100,145.75,205.058,271.907,2024
429,IRN,PCPIPCH,Islamic Republic of Iran,"Inflation, average consumer prices",Percent change,Units,20.627,24.199,18.681,19.742,12.578,4.378,23.722,27.708,28.9,17.401,9,20.168,24.476,22.472,34.862,49.32,23.918,16.544,18.454,20.24,12.292,11.538,15.827,15.573,15.324,10.252,12,18.414,25.304,10.816,12.299,25.309,29.31,32.853,14.532,11.146,6.843,8.235,26.916,34.787,36.458,40.187,45.75,40.692,32.6,2024
429,IRN,PCPIE,Islamic Republic of Iran,"Inflation, end of period consumer prices",Index,Units,n/a,n/a,n/a,n/a,n/a,n/a,n/a,n/a,n/a,0.253,0.291,0.407,0.465,0.61,0.872,1.192,1.395,1.657,1.977,2.354,2.616,2.907,3.43,3.895,4.505,4.854,5.639,6.889,8.11,8.953,10.726,13.3,18.4,22,25,27.1,29.4,31.5,46.4,56.6,84.2,113,174.1,230.2,318.136,2024
429,IRN,PCPIEPCH,Islamic Republic of Iran,"Inflation, end of period consumer prices",Percent change,Units,n/a,n/a,n/a,n/a,n/a,n/a,n/a,n/a,n/a,n/a,14.662,40,14.286,31.25,42.857,36.667,17.073,18.75,19.298,19.118,11.111,11.111,18,13.559,15.672,7.742,16.168,22.165,17.722,10.394,19.805,24.002,38.346,19.565,13.636,8.4,8.487,7.143,47.302,21.983,48.763,34.204,54.071,32.223,38.2,2024
433,IRQ,PCPI,Iraq,"Inflation, average consumer prices",Index,Units,n/a,n/a,n/a,n/a,n/a,n/a,n/a,n/a,n/a,n/a,n/a,n/a,n/a,n/a,n/a,n/a,n/a,n/a,n/a,n/a,n/a,n/a,n/a,n/a,31.803,43.557,66.743,87.322,89.652,87.141,89.258,94.26,100,101.879,104.157,105.609,106.093,106.305,106.679,106.466,107.078,113.547,119.21,124.474,127.683,2023
433,IRQ,PCPIPCH,Iraq,"Inflation, average consumer prices",Percent change,Units,n/a,n/a,n/a,n/a,n/a,n/a,n/a,n/a,n/a,n/a,n/a,n/a,n/a,n/a,n/a,n/a,n/a,n/a,n/a,n/a,n/a,n/a,n/a,n/a,n/a,36.959,53.231,30.835,2.668,-2.801,2.43,5.604,6.089,1.879,2.236,1.393,0.458,0.2,0.351,-0.199,0.574,6.042,4.987,4.416,2.578,2023
433,IRQ,PCPIE,Iraq,"Inflation, end of period consumer prices",Index,Units,n/a,n/a,n/a,n/a,n/a,n/a,n/a,n/a,n/a,n/a,n/a,n/a,n/a,n/a,n/a,n/a,n/a,n/a,n/a,14.494,15.218,17.706,21.129,28.685,37.772,49.714,81.942,85.77,91.561,87.52,90.419,95.862,99.326,102.437,104.063,106.466,105.753,106.568,106.466,106.568,109.93,115.737,120.73,125.518,128.856,2023
433,IRQ,PCPIEPCH,Iraq,"Inflation, end of period consumer prices",Percent change,Units,n/a,n/a,n/a,n/a,n/a,n/a,n/a,n/a,n/a,n/a,n/a,n/a,n/a,n/a,n/a,n/a,n/a,n/a,n/a,n/a,4.993,16.351,19.334,35.76,31.677,31.616,64.826,4.671,6.752,-4.413,3.312,6.02,3.614,3.132,1.587,2.31,-0.67,0.771,-0.096,0.096,3.155,5.283,4.313,3.966,2.659,2023
178,IRL,PCPI,Ireland,"Inflation, average consumer prices",Index,Units,28.732,34.548,40.487,44.696,48.556,51.211,52.769,54.433,55.612,57.83,59.772,61.644,63.586,64.487,66.013,67.675,69.15,70.017,71.508,73.233,77.117,80.2,83.958,87.317,89.333,91.3,93.742,96.45,99.458,97.792,96.192,97.358,99.2,99.733,100.033,99.983,99.8,100.058,100.758,101.65,101.183,103.625,111.992,117.817,119.375,2024
178,IRL,PCPIPCH,Ireland,"Inflation, average consumer prices",Percent change,Units,18.345,20.243,17.189,10.397,8.636,5.468,3.041,3.154,2.166,3.99,3.357,3.132,3.15,1.418,2.366,2.518,2.18,1.253,2.13,2.412,5.303,3.998,4.686,4,2.31,2.201,2.674,2.889,3.119,-1.676,-1.636,1.213,1.892,0.538,0.301,-0.05,-0.183,0.259,0.7,0.885,-0.459,2.413,8.074,5.201,1.323,2024
178,IRL,PCPIE,Ireland,"Inflation, end of period consumer prices",Index,Units,n/a,n/a,n/a,n/a,n/a,n/a,n/a,n/a,n/a,n/a,n/a,n/a,n/a,n/a,n/a,73.5,73.8,74,74.1,74.9,78.5,81.9,85.6,88.2,90.3,92.1,94.9,98,99.3,96.8,96.6,98,99.7,100,99.7,100,99.8,100.3,101,102.1,101.1,106.8,115.5,119.2,120.4,2024
178,IRL,PCPIEPCH,Ireland,"Inflation, end of period consumer prices",Percent change,Units,n/a,n/a,n/a,n/a,n/a,n/a,n/a,n/a,n/a,n/a,n/a,n/a,n/a,n/a,n/a,n/a,0.408,0.271,0.135,1.08,4.806,4.331,4.518,3.037,2.381,1.993,3.04,3.267,1.327,-2.518,-0.207,1.449,1.735,0.301,-0.3,0.301,-0.2,0.501,0.698,1.089,-0.979,5.638,8.146,3.203,1.007,2024
436,ISR,PCPI,Israel,"Inflation, average consumer prices",Index,Units,0.041,0.088,0.194,0.477,2.262,9.151,13.557,16.248,18.886,22.71,26.61,31.668,35.451,39.331,44.185,48.623,54.106,58.976,62.181,65.411,66.147,66.885,70.689,71.162,70.868,71.81,73.323,73.702,77.088,79.644,81.79,84.612,86.057,87.37,87.786,87.23,86.755,86.965,87.667,88.405,87.886,89.197,93.117,97.036,100.016,2024
436,ISR,PCPIPCH,Israel,"Inflation, average consumer prices",Percent change,Units,316.595,116.808,120.364,145.638,373.821,304.584,48.155,19.853,16.231,20.249,17.173,19.006,11.948,10.944,12.342,10.043,11.277,9.001,5.435,5.194,1.125,1.116,5.687,0.67,-0.414,1.329,2.107,0.516,4.594,3.317,2.694,3.45,1.708,1.526,0.476,-0.632,-0.545,0.242,0.807,0.842,-0.587,1.492,4.395,4.208,3.071,2024
436,ISR,PCPIE,Israel,"Inflation, end of period consumer prices",Index,Units,0.059,0.119,0.276,0.803,4.375,12.475,14.927,17.334,20.176,24.351,28.639,33.805,36.973,41.131,47.076,50.891,56.279,60.212,65.403,66.282,66.282,67.216,71.582,70.232,71.08,72.776,72.705,75.175,78.035,81.09,83.248,85.055,86.445,88.015,87.843,86.967,86.792,87.139,87.833,88.361,87.747,90.208,94.956,97.765,100.931,2024
436,ISR,PCPIEPCH,Israel,"Inflation, end of period consumer prices",Percent change,Units,188.57,101.493,131.504,190.693,444.878,185.175,19.653,16.125,16.397,20.692,17.612,18.037,9.37,11.248,14.452,8.104,10.587,6.988,8.622,1.344,0,1.409,6.496,-1.886,1.207,2.386,-0.097,3.397,3.805,3.915,2.662,2.17,1.635,1.816,-0.196,-0.997,-0.202,0.4,0.797,0.601,-0.694,2.805,5.263,2.958,3.238,2024
136,ITA,PCPI,Italy,"Inflation, average consumer prices",Index,Units,20.305,24.266,28.26,32.415,35.896,39.116,41.392,43.346,45.552,48.397,51.492,54.692,57.417,60,62.5,65.867,68.492,69.758,71.175,72.35,74.217,75.942,77.925,80.117,81.925,83.733,85.6,87.333,90.383,91.075,92.55,95.267,98.425,99.65,99.883,99.992,99.942,101.267,102.525,103.175,103.025,105.025,114.2,120.942,122.258,2024
136,ITA,PCPIPCH,Italy,"Inflation, average consumer prices",Percent change,Units,21.8,19.51,16.46,14.7,10.74,8.969,5.82,4.72,5.09,6.245,6.395,6.215,4.982,4.499,4.167,5.387,3.985,1.849,2.031,1.651,2.58,2.324,2.612,2.813,2.257,2.207,2.229,2.025,3.492,0.765,1.62,2.935,3.315,1.245,0.234,0.108,-0.05,1.326,1.243,0.634,-0.145,1.941,8.736,5.903,1.089,2024
136,ITA,PCPIE,Italy,"Inflation, end of period consumer prices",Index,Units,20.248,24.197,28.191,32.327,35.794,39.102,41.39,43.332,45.542,48.395,52.9,55.9,58.5,61.1,63.6,67.2,69.2,70.4,71.6,73.1,75.1,76.8,79.1,81.1,83,84.7,86.5,88.9,91,92,93.9,97.4,99.9,100.5,100.5,100.6,101.1,102.1,103.3,103.8,103.5,107.8,121.1,121.7,123.4,2024
136,ITA,PCPIEPCH,Italy,"Inflation, end of period consumer prices",Percent change,Units,21.175,19.507,16.504,14.672,10.725,9.241,5.85,4.692,5.102,6.264,9.309,5.671,4.651,4.444,4.092,5.66,2.976,1.734,1.705,2.095,2.736,2.264,2.995,2.528,2.343,2.048,2.125,2.775,2.362,1.099,2.065,3.727,2.567,0.601,0,0.1,0.497,0.989,1.175,0.484,-0.289,4.155,12.338,0.495,1.397,2024
343,JAM,PCPI,Jamaica,"Inflation, average consumer prices",Index,Units,0.457,0.499,0.533,0.622,0.816,1.058,1.316,1.464,1.584,1.839,2.295,3.466,6.144,7.473,10.13,12.146,15.354,16.837,18.29,19.378,20.942,22.383,23.948,26.374,29.94,34.461,37.397,40.87,49.872,54.648,61.543,66.172,70.733,77.353,83.754,86.837,88.877,92.768,96.237,100,105.21,111.398,122.925,130.88,138.142,2024
343,JAM,PCPIPCH,Jamaica,"Inflation, average consumer prices",Percent change,Units,17.984,9.172,6.83,16.657,31.255,29.7,24.4,11.2,8.2,16.12,24.779,51.021,77.287,21.635,35.543,19.91,26.405,9.658,8.632,5.951,8.07,6.881,6.992,10.131,13.521,15.099,8.52,9.287,22.026,9.576,12.616,7.522,6.892,9.36,8.275,3.681,2.35,4.378,3.74,3.91,5.21,5.882,10.347,6.471,5.548,2024
343,JAM,PCPIE,Jamaica,"Inflation, end of period consumer prices",Index,Units,0.633,0.663,0.709,0.827,1.085,1.336,1.479,1.603,1.74,2.039,2.647,4.77,6.687,8.702,11.033,13.854,16.047,17.518,18.893,20.175,21.376,23.203,24.879,28.322,32.204,36.25,38.3,44.741,52.277,57.618,64.384,68.252,73.714,80.697,85.827,88.969,90.503,95.241,97.565,103.632,109,116.98,127.93,136.7,143.5,2024
343,JAM,PCPIEPCH,Jamaica,"Inflation, end of period consumer prices",Percent change,Units,28.699,4.787,7.003,16.657,31.158,23.114,10.722,8.364,8.554,17.177,29.809,80.193,40.194,30.124,26.795,25.567,15.829,9.167,7.851,6.782,5.956,8.546,7.225,13.836,13.709,12.561,5.655,16.819,16.844,10.215,11.744,6.008,8.002,9.473,6.357,3.661,1.725,5.235,2.44,6.219,5.18,7.321,9.361,6.855,4.974,2024
158,JPN,PCPI,Japan,"Inflation, average consumer prices",Index,Units,73.144,76.755,78.865,80.348,82.156,83.83,84.34,84.448,85,86.95,89.62,92.553,94.151,95.333,95.99,95.906,96.038,97.669,98.306,97.966,97.293,96.618,95.751,95.5,95.49,95.215,95.458,95.503,96.823,95.534,94.825,94.562,94.516,94.829,97.444,98.223,98.101,98.578,99.553,100.019,99.992,99.757,102.247,105.589,108.482,2024
158,JPN,PCPIPCH,Japan,"Inflation, average consumer prices",Percent change,Units,7.808,4.936,2.749,1.88,2.251,2.038,0.608,0.127,0.654,2.294,3.071,3.273,1.727,1.255,0.69,-0.088,0.138,1.699,0.652,-0.347,-0.687,-0.694,-0.897,-0.263,-0.01,-0.288,0.256,0.046,1.382,-1.331,-0.742,-0.277,-0.049,0.332,2.758,0.799,-0.124,0.486,0.989,0.468,-0.027,-0.235,2.496,3.269,2.739,2024
158,JPN,PCPIE,Japan,"Inflation, end of period consumer prices",Index,Units,74.78,77.804,79.703,81.016,82.877,84.245,84.053,84.682,85.574,87.797,90.972,93.517,94.438,95.484,96.262,95.712,96.22,98.219,98.741,97.737,96.987,96.105,95.594,95.304,95.81,95.083,95.432,95.92,96.947,95.007,94.764,94.477,94.245,95.559,97.995,98.186,98.444,98.981,99.839,100.347,99.424,99.925,103.783,106.803,109.923,2024
158,JPN,PCPIEPCH,Japan,"Inflation, end of period consumer prices",Percent change,Units,7.24,4.044,2.44,1.648,2.297,1.65,-0.227,0.749,1.053,2.598,3.617,2.797,0.985,1.108,0.814,-0.571,0.53,2.078,0.531,-1.017,-0.768,-0.909,-0.532,-0.303,0.531,-0.759,0.367,0.511,1.07,-2.001,-0.256,-0.303,-0.246,1.395,2.549,0.194,0.263,0.545,0.867,0.509,-0.92,0.504,3.861,2.91,2.922,2024
439,JOR,PCPI,Jordan,"Inflation, average consumer prices",Index,Units,18.909,20.355,21.905,22.99,23.92,24.592,24.592,24.54,26.185,32.907,38.235,41.353,43.014,44.436,46.002,47.084,50.145,51.669,53.259,53.578,53.939,54.892,55.899,56.809,58.721,60.771,64.572,67.635,77.085,76.513,80.223,83.56,87.333,91.549,94.201,93.374,92.648,95.729,100.002,100.76,101.097,102.458,106.792,109.018,109.193,2024
439,JOR,PCPIPCH,Jordan,"Inflation, average consumer prices",Percent change,Units,10.909,7.65,7.614,4.953,4.045,2.808,0,-0.21,6.705,25.668,16.192,8.155,4.017,3.304,3.524,2.353,6.501,3.038,3.079,0.598,0.674,1.768,1.835,1.627,3.365,3.491,6.255,4.744,13.972,-0.742,4.848,4.16,4.515,4.828,2.896,-0.878,-0.777,3.325,4.463,0.758,0.334,1.347,4.229,2.084,0.161,2024
439,JOR,PCPIE,Jordan,"Inflation, end of period consumer prices",Index,Units,22.983,26.922,29.14,27.817,29.717,29.717,30.011,25.37,28.771,36.233,39.658,42.374,43.924,44.784,46.923,48.891,50.131,53.296,52.858,54.351,53.342,55.353,55.633,57.222,59.452,61.932,66.55,69.94,76.25,78.28,82.73,85.14,90.25,93.05,94.6,93.11,93.9,96.94,100.75,101.52,101.11,103.54,108.05,109.82,109.72,2024
439,JOR,PCPIEPCH,Jordan,"Inflation, end of period consumer prices",Percent change,Units,3.343,17.14,8.236,-4.54,6.829,0,0.989,-15.462,13.404,25.935,9.453,6.848,3.659,1.959,4.776,4.193,2.537,6.314,-0.822,2.824,-1.857,3.771,0.507,2.856,3.897,4.171,7.457,5.094,9.022,2.662,5.685,2.913,6.002,3.102,1.666,-1.575,0.848,3.237,3.93,0.764,-0.404,2.403,4.356,1.638,-0.091,2024
916,KAZ,PCPI,Kazakhstan,"Inflation, average consumer prices",Index,Units,n/a,n/a,n/a,n/a,n/a,n/a,n/a,n/a,n/a,n/a,n/a,n/a,0.013,0.238,3.568,9.862,13.727,16.115,17.265,18.702,21.162,22.933,24.3,25.85,27.658,29.708,32.267,35.75,41.883,44.942,48.133,52.167,54.842,58.033,61.85,66.025,75.642,81.283,86.167,90.717,96.85,104.6,120.275,137.742,149.692,2023
916,KAZ,PCPIPCH,Kazakhstan,"Inflation, average consumer prices",Percent change,Units,n/a,n/a,n/a,n/a,n/a,n/a,n/a,n/a,n/a,n/a,n/a,n/a,n/a,"1,662.28","1,401.99",176.379,39.18,17.401,7.132,8.323,13.154,8.373,5.959,6.379,6.995,7.412,8.612,10.795,17.156,7.302,7.102,8.38,5.128,5.82,6.577,6.75,14.565,7.458,6.008,5.28,6.761,8.002,14.986,14.522,8.676,2023
916,KAZ,PCPIE,Kazakhstan,"Inflation, end of period consumer prices",Index,Units,n/a,n/a,n/a,n/a,n/a,n/a,n/a,n/a,n/a,n/a,n/a,n/a,0.034,0.765,7.3,11.709,15.07,16.757,17.076,20.115,22.086,23.5,25.1,26.9,28.7,30.8,33.4,39.6,43.4,46.1,49.6,53.3,56.5,59.1,63.5,72.2,78.3,83.8,88.3,93.1,100,108.4,130.5,143.2,155.5,2023
916,KAZ,PCPIEPCH,Kazakhstan,"Inflation, end of period consumer prices",Percent change,Units,n/a,n/a,n/a,n/a,n/a,n/a,n/a,n/a,n/a,n/a,n/a,n/a,n/a,"2,165.00",854.585,60.388,28.7,11.2,1.9,17.8,9.8,6.4,6.809,7.171,6.691,7.317,8.442,18.563,9.596,6.221,7.592,7.46,6.004,4.602,7.445,13.701,8.449,7.024,5.37,5.436,7.411,8.4,20.387,9.732,8.589,2023
664,KEN,PCPI,Kenya,"Inflation, average consumer prices",Index,Units,7.495,8.365,10.094,11.244,12.4,14.013,14.368,15.61,17.524,19.94,23.486,28.203,35.912,52.424,67.53,68.579,73.252,81.546,85.962,90.93,100,105.732,107.81,118.381,132.344,145.462,154.237,160.824,185.131,204.638,212.996,242.862,265.638,280.826,300.141,319.897,340.107,367.265,384.489,404.635,426.04,452.068,486.644,523.994,547.556,2024
664,KEN,PCPIPCH,Kenya,"Inflation, average consumer prices",Percent change,Units,13.858,11.603,20.667,11.398,10.284,13.007,2.534,8.638,12.265,13.789,17.782,20.084,27.332,45.979,28.814,1.554,6.814,11.322,5.416,5.779,9.975,5.732,1.966,9.805,11.795,9.912,6.032,4.271,15.114,10.537,4.084,14.022,9.378,5.717,6.878,6.582,6.318,7.985,4.69,5.24,5.29,6.109,7.648,7.675,4.496,2024
664,KEN,PCPIE,Kenya,"Inflation, end of period consumer prices",Index,Units,7.879,9.401,10.692,11.718,12.997,14.327,14.937,16.364,18.586,21.104,25.986,29.747,39.762,61.512,65.579,70.097,72.296,79.386,80.958,89.462,100,101.602,105.917,114.761,134.365,140.965,151.277,159.75,184.476,199.263,208.248,247.677,255.603,273.875,290.359,313.608,333.521,348.515,368.417,394.785,416.962,440.832,480.789,512.695,528.014,2024
664,KEN,PCPIEPCH,Kenya,"Inflation, end of period consumer prices",Percent change,Units,13.1,19.318,13.73,9.598,10.916,10.231,4.255,9.556,13.578,13.546,23.134,14.473,33.668,54.7,6.612,6.89,3.136,9.808,1.98,10.503,11.78,1.602,4.247,8.35,17.083,4.912,7.316,5.6,15.478,8.016,4.509,18.934,3.2,7.149,6.019,8.007,6.35,4.496,5.711,7.157,5.617,5.725,9.064,6.636,2.988,2024
826,KIR,PCPI,Kiribati,"Inflation, average consumer prices",Index,Units,32.448,34.947,36.864,39.19,41.323,43.179,46.031,41.331,41.8,44.145,45.889,48.678,50.731,53.83,55.983,58.279,57.307,58.771,60.927,61.996,62.23,65.964,68.059,69.17,68.658,68.417,67.735,70.159,79.746,87.574,84.159,85.419,82.818,81.585,83.302,83.778,85.385,85.688,86.171,84.609,86.769,88.551,93.285,101.914,104.45,2023
826,KIR,PCPIPCH,Kiribati,"Inflation, average consumer prices",Percent change,Units,16.1,7.7,5.486,6.311,5.442,4.491,6.607,-10.211,1.135,5.609,3.951,6.077,4.217,6.109,4,4.1,-1.667,2.554,3.668,1.755,0.377,6.002,3.176,1.633,-0.74,-0.351,-0.997,3.578,13.665,9.816,-3.9,1.497,-3.046,-1.488,2.104,0.572,1.917,0.356,0.564,-1.813,2.553,2.054,5.346,9.25,2.488,2023
826,KIR,PCPIE,Kiribati,"Inflation, end of period consumer prices",Index,Units,n/a,n/a,n/a,n/a,n/a,n/a,n/a,n/a,41.936,44.288,46.038,48.836,50.895,54.005,56.165,58.468,57.493,58.952,61.738,62.003,62.644,67.432,67.991,68.857,68.401,67.968,70.062,70.087,87.074,85.936,84.283,83.586,80.384,81.053,83.578,84.031,84.736,86.854,85.869,85.091,87.447,89.663,104.195,101.997,104.971,2023
826,KIR,PCPIEPCH,Kiribati,"Inflation, end of period consumer prices",Percent change,Units,n/a,n/a,n/a,n/a,n/a,n/a,n/a,n/a,n/a,5.609,3.951,6.077,4.217,6.109,4,4.1,-1.667,2.538,4.726,0.43,1.033,7.643,0.83,1.273,-0.662,-0.633,3.08,0.036,24.237,-1.307,-1.923,-0.828,-3.83,0.832,3.116,0.542,0.839,2.499,-1.134,-0.906,2.769,2.534,16.207,-2.109,2.916,2023
542,KOR,PCPI,Korea,"Inflation, average consumer prices",Index,Units,20.965,25.442,27.271,28.204,28.845,29.555,30.368,31.293,33.53,35.441,38.48,42.071,44.685,46.831,49.765,51.995,54.555,56.977,61.258,61.756,63.151,65.719,67.534,69.908,72.418,74.413,76.081,78.01,81.656,83.906,86.373,89.85,91.815,93.01,94.196,94.861,95.783,97.645,99.086,99.466,100,102.498,107.715,111.59,114.181,2024
542,KOR,PCPIPCH,Korea,"Inflation, average consumer prices",Percent change,Units,28.697,21.353,7.19,3.421,2.274,2.46,2.75,3.048,7.147,5.7,8.574,9.333,6.213,4.801,6.266,4.481,4.925,4.439,7.514,0.813,2.259,4.067,2.762,3.515,3.591,2.754,2.242,2.535,4.674,2.756,2.939,4.026,2.187,1.301,1.275,0.706,0.972,1.944,1.476,0.383,0.537,2.498,5.09,3.597,2.322,2024
542,KOR,PCPIE,Korea,"Inflation, end of period consumer prices",Index,Units,23.273,26.461,27.739,28.284,28.976,29.85,30.265,32.096,34.402,36.146,39.521,43.177,45.102,47.718,50.375,52.77,55.369,59.009,61.349,62.18,63.908,65.93,68.391,70.73,72.877,74.785,76.348,79.101,82.375,84.682,87.251,90.879,92.175,93.229,94.006,95.07,96.342,97.698,98.988,99.719,100.33,104.04,109.26,112.73,114.91,2024
542,KOR,PCPIEPCH,Korea,"Inflation, end of period consumer prices",Percent change,Units,32.203,13.698,4.83,1.965,2.447,3.016,1.39,6.05,7.185,5.069,9.337,9.251,4.458,5.8,5.568,4.754,4.925,6.574,3.965,1.355,2.779,3.164,3.733,3.42,3.035,2.618,2.09,3.606,4.139,2.801,3.034,4.158,1.426,1.143,0.833,1.132,1.338,1.407,1.32,0.738,0.613,3.698,5.017,3.176,1.934,2024
967,UVK,PCPI,Kosovo,"Inflation, average consumer prices",Index,Units,n/a,n/a,n/a,n/a,n/a,n/a,n/a,n/a,n/a,n/a,n/a,n/a,n/a,n/a,n/a,n/a,n/a,n/a,n/a,n/a,67.987,75.916,77.961,78.859,78.019,76.939,77.429,80.788,88.336,86.199,89.217,95.751,98.137,99.866,100.29,99.761,100,101.495,102.609,105.336,105.544,109.077,121.713,127.724,129.794,2023
967,UVK,PCPIPCH,Kosovo,"Inflation, average consumer prices",Percent change,Units,n/a,n/a,n/a,n/a,n/a,n/a,n/a,n/a,n/a,n/a,n/a,n/a,n/a,n/a,n/a,n/a,n/a,n/a,n/a,n/a,n/a,11.662,2.694,1.152,-1.065,-1.385,0.637,4.338,9.343,-2.419,3.501,7.324,2.492,1.762,0.425,-0.528,0.24,1.495,1.098,2.658,0.197,3.348,11.584,4.938,1.621,2023
967,UVK,PCPIE,Kosovo,"Inflation, end of period consumer prices",Index,Units,n/a,n/a,n/a,n/a,n/a,n/a,n/a,n/a,n/a,n/a,n/a,n/a,n/a,n/a,n/a,n/a,n/a,n/a,n/a,n/a,n/a,n/a,78.965,79.261,76.3,76.892,77.682,85.874,86.269,86.368,91.994,95.251,98.805,99.298,98.903,98.724,100,100.486,103.413,104.702,104.761,111.735,125.258,128.12,129.388,2023
967,UVK,PCPIEPCH,Kosovo,"Inflation, end of period consumer prices",Percent change,Units,n/a,n/a,n/a,n/a,n/a,n/a,n/a,n/a,n/a,n/a,n/a,n/a,n/a,n/a,n/a,n/a,n/a,n/a,n/a,n/a,n/a,n/a,n/a,0.375,-3.736,0.776,1.027,10.546,0.46,0.114,6.514,3.541,3.731,0.5,-0.398,-0.181,1.292,0.486,2.913,1.247,0.056,6.657,12.102,2.285,0.99,2023
443,KWT,PCPI,Kuwait,"Inflation, average consumer prices",Index,Units,n/a,n/a,n/a,n/a,n/a,n/a,n/a,n/a,n/a,n/a,n/a,n/a,n/a,n/a,n/a,n/a,n/a,n/a,n/a,n/a,n/a,n/a,n/a,n/a,n/a,n/a,n/a,n/a,n/a,n/a,n/a,n/a,n/a,101.1,104.033,107.442,110.608,112.333,112.958,114.192,116.592,120.583,125.383,129.95,133.717,2024
443,KWT,PCPIPCH,Kuwait,"Inflation, average consumer prices",Percent change,Units,n/a,n/a,n/a,n/a,n/a,n/a,n/a,n/a,n/a,n/a,n/a,n/a,n/a,n/a,n/a,n/a,n/a,n/a,n/a,n/a,n/a,n/a,n/a,n/a,n/a,n/a,n/a,n/a,n/a,n/a,n/a,n/a,n/a,n/a,2.901,3.276,2.947,1.56,0.556,1.092,2.102,3.424,3.981,3.642,2.899,2024
443,KWT,PCPIE,Kuwait,"Inflation, end of period consumer prices",Index,Units,n/a,n/a,n/a,n/a,n/a,n/a,n/a,n/a,n/a,n/a,n/a,n/a,n/a,n/a,n/a,n/a,n/a,n/a,n/a,n/a,n/a,n/a,n/a,n/a,n/a,n/a,n/a,n/a,n/a,n/a,n/a,n/a,99.8,102.4,105.5,108.9,111.5,112.8,113.3,114.9,118.3,123.4,127.3,131.7,135.369,2024
443,KWT,PCPIEPCH,Kuwait,"Inflation, end of period consumer prices",Percent change,Units,n/a,n/a,n/a,n/a,n/a,n/a,n/a,n/a,n/a,n/a,n/a,n/a,n/a,n/a,n/a,n/a,n/a,n/a,n/a,n/a,n/a,n/a,n/a,n/a,n/a,n/a,n/a,n/a,n/a,n/a,n/a,n/a,n/a,2.605,3.027,3.223,2.388,1.166,0.443,1.412,2.959,4.311,3.16,3.456,2.786,2024
917,KGZ,PCPI,Kyrgyz Republic,"Inflation, average consumer prices",Index,Units,n/a,n/a,n/a,n/a,n/a,n/a,n/a,n/a,n/a,n/a,n/a,n/a,0.354,4.195,11.775,16.741,22.089,27.265,30.117,40.929,48.987,52.377,53.494,55.086,57.35,59.838,63.161,69.622,86.693,92.62,100,116.636,119.865,127.793,137.421,146.358,146.927,151.593,153.931,155.68,165.523,185.235,211.001,233.782,245.519,2024
917,KGZ,PCPIPCH,Kyrgyz Republic,"Inflation, average consumer prices",Percent change,Units,n/a,n/a,n/a,n/a,n/a,n/a,n/a,n/a,n/a,n/a,n/a,n/a,n/a,"1,086.19",180.683,42.174,31.947,23.435,10.457,35.901,19.688,6.92,2.134,2.975,4.111,4.339,5.552,10.23,24.52,6.837,7.968,16.636,2.768,6.614,7.534,6.503,0.389,3.175,1.543,1.136,6.323,11.908,13.91,10.797,5.021,2024
917,KGZ,PCPIE,Kyrgyz Republic,"Inflation, end of period consumer prices",Index,Units,n/a,n/a,n/a,n/a,n/a,n/a,n/a,n/a,n/a,n/a,n/a,n/a,0.844,8.696,14.099,18.463,24.891,28.122,32.859,45.949,50.765,52.635,53.838,56.834,58.405,61.279,64.403,77.344,92.835,92.798,110.639,116.954,125.72,130.711,144.403,149.244,148.494,153.922,154.671,159.398,174.894,194.475,223.002,239.225,254.375,2024
917,KGZ,PCPIEPCH,Kyrgyz Republic,"Inflation, end of period consumer prices",Percent change,Units,n/a,n/a,n/a,n/a,n/a,n/a,n/a,n/a,n/a,n/a,n/a,n/a,n/a,929.867,62.124,30.959,34.814,12.979,16.845,39.837,10.48,3.685,2.285,5.565,2.764,4.921,5.098,20.094,20.028,-0.04,19.226,5.708,7.495,3.97,10.475,3.352,-0.503,3.656,0.486,3.056,9.722,11.195,14.669,7.275,6.333,2024
544,LAO,PCPI,Lao P.D.R.,"Inflation, average consumer prices",Index,Units,0.172,0.231,0.393,0.638,0.812,1.743,2.353,2.496,2.866,4.577,3.372,3.826,4.202,4.44,4.78,5.692,6.782,8.107,15.416,35.211,38.157,41.137,45.511,52.56,58.062,62.224,66.297,69.387,74.681,74.786,79.26,85.259,88.887,94.551,98.455,99.713,101.305,102.141,104.225,107.688,113.185,117.433,144.395,189.489,233.323,2024
544,LAO,PCPIPCH,Lao P.D.R.,"Inflation, average consumer prices",Percent change,Units,188.816,33.7,70.381,62.511,27.175,114.698,35.002,6.112,14.8,59.7,-26.317,13.439,9.847,5.65,7.67,19.075,19.147,19.544,90.141,128.409,8.369,7.809,10.633,15.489,10.467,7.167,6.546,4.662,7.629,0.141,5.983,7.569,4.255,6.371,4.129,1.277,1.597,0.825,2.04,3.323,5.104,3.754,22.959,31.23,23.132,2024
544,LAO,PCPIE,Lao P.D.R.,"Inflation, end of period consumer prices",Index,Units,n/a,n/a,n/a,n/a,n/a,n/a,n/a,1.389,1.594,2.804,3.622,3.997,4.237,4.674,4.94,6.361,7.172,7.798,18.862,35.207,38.925,41.854,48.211,54.297,59.001,64.181,67.099,70.954,73.206,76.08,80.461,86.652,90.753,96.789,99.111,100,102.487,102.639,104.163,110.709,114.281,120.301,167.539,208.366,243.532,2024
544,LAO,PCPIEPCH,Lao P.D.R.,"Inflation, end of period consumer prices",Percent change,Units,n/a,n/a,n/a,n/a,n/a,n/a,n/a,n/a,14.8,75.871,29.188,10.36,6.003,10.315,5.691,28.75,12.76,8.726,141.884,86.656,10.56,7.523,15.189,12.624,8.663,8.78,4.546,5.745,3.174,3.926,5.758,7.696,4.733,6.65,2.399,0.897,2.487,0.148,1.485,6.284,3.226,5.268,39.266,24.369,16.877,2024
941,LVA,PCPI,Latvia,"Inflation, average consumer prices",Index,Units,n/a,n/a,n/a,n/a,n/a,n/a,n/a,n/a,n/a,n/a,n/a,n/a,11.178,23.384,31.779,39.724,46.715,50.487,52.655,53.768,55.184,56.578,57.689,59.385,63.059,67.404,71.833,79.075,91.137,94.107,92.955,96.88,99.094,99.105,99.789,100.002,100.101,102.998,105.628,108.53,108.618,112.136,131.473,143.382,145.316,2024
941,LVA,PCPIPCH,Latvia,"Inflation, average consumer prices",Percent change,Units,n/a,n/a,n/a,n/a,n/a,n/a,n/a,n/a,n/a,n/a,n/a,n/a,n/a,109.2,35.9,25,17.6,8.074,4.295,2.114,2.633,2.526,1.963,2.94,6.187,6.89,6.571,10.081,15.253,3.259,-1.224,4.222,2.285,0.011,0.69,0.213,0.099,2.894,2.554,2.747,0.081,3.239,17.245,9.058,1.349,2024
941,LVA,PCPIE,Latvia,"Inflation, end of period consumer prices",Index,Units,n/a,n/a,n/a,n/a,n/a,n/a,n/a,n/a,n/a,n/a,n/a,n/a,20.419,27.515,34.768,42.814,48.43,51.53,52.92,54.51,55.46,57.22,58.05,60.13,64.54,69.14,73.8,84.15,92.9,91.63,93.83,97.47,99.02,98.62,98.89,99.29,101.38,103.57,106.21,108.48,107.95,116.46,140.57,141.77,146.54,2024
941,LVA,PCPIEPCH,Latvia,"Inflation, end of period consumer prices",Percent change,Units,n/a,n/a,n/a,n/a,n/a,n/a,n/a,n/a,n/a,n/a,n/a,n/a,n/a,34.755,26.362,23.14,13.118,6.401,2.697,3.005,1.743,3.173,1.451,3.583,7.334,7.127,6.74,14.024,10.398,-1.367,2.401,3.879,1.59,-0.404,0.274,0.404,2.105,2.16,2.549,2.137,-0.489,7.883,20.702,0.854,3.365,2024
446,LBN,PCPI,Lebanon,"Inflation, average consumer prices",Index,Units,0.046,0.055,0.065,0.07,0.082,0.14,0.273,1.602,4.085,7.035,11.881,17.836,35.644,44.461,48.123,53.07,57.783,62.26,65.092,65.249,65.017,64.778,65.917,66.753,67.869,66.901,69.639,72.465,80.217,81.192,84.408,88.617,94.442,99.692,100.817,97.025,96.242,100.558,106.65,109.733,202.875,516.842,"1,401.65","4,504.10","6,541.90",2024
446,LBN,PCPIPCH,Lebanon,"Inflation, average consumer prices",Percent change,Units,23.9,19.3,18.6,7.2,17.6,69.4,95.4,487.2,155,72.2,68.9,50.115,99.847,24.737,8.235,10.282,8.879,7.748,4.549,0.241,-0.356,-0.367,1.759,1.268,1.672,-1.426,4.092,4.058,10.698,1.215,3.962,4.986,6.573,5.559,1.128,-3.761,-0.807,4.485,6.058,2.891,84.88,154.759,171.195,221.343,45.243,2024
446,LBN,PCPIE,Lebanon,"Inflation, end of period consumer prices",Index,Units,n/a,0.101,0.111,0.115,0.144,0.23,0.568,4.781,6.444,8.401,14.877,19.964,41.933,43.865,49.045,54.431,58.048,61.954,65.572,63.804,62.776,62.731,65.074,66.513,67.828,66.742,71.557,75.823,80.582,83.313,87.119,89.836,98.892,100,99.3,95.9,98.9,103.9,108,115.5,284,921.4,"2,045.50","5,978.10","7,061.10",2024
446,LBN,PCPIEPCH,Lebanon,"Inflation, end of period consumer prices",Percent change,Units,n/a,n/a,9.595,3.799,25.303,60.105,146.792,741.187,34.8,30.363,77.075,34.195,110.047,4.608,11.809,10.981,6.647,6.728,5.839,-2.696,-1.611,-0.073,3.735,2.211,1.978,-1.601,7.213,5.962,6.276,3.39,4.568,3.119,10.081,1.12,-0.7,-3.424,3.128,5.056,3.946,6.944,145.887,224.437,121.999,192.256,18.116,2024
666,LSO,PCPI,Lesotho,"Inflation, average consumer prices",Index,Units,2.823,3.168,3.561,4.186,4.639,5.253,6.207,6.929,7.732,8.879,9.897,11.665,13.653,15.533,16.659,18.319,19.978,21.686,23.373,25.393,26.95,28.815,32.434,34.758,36.505,37.759,40.053,43.262,47.897,51.432,53.23,55.911,59.294,62.179,65.518,67.627,72.088,75.294,78.872,82.963,87.093,92.36,100,106.343,112.832,2023
666,LSO,PCPIPCH,Lesotho,"Inflation, average consumer prices",Percent change,Units,19.629,12.214,12.416,17.549,10.812,13.241,18.152,11.634,11.585,14.843,11.466,17.857,17.047,13.768,7.25,9.962,9.058,8.55,7.775,8.644,6.131,6.919,12.562,7.166,5.023,3.438,6.073,8.012,10.715,7.38,3.495,5.037,6.051,4.865,5.37,3.218,6.597,4.448,4.752,5.187,4.978,6.048,8.272,6.343,6.102,2023
666,LSO,PCPIE,Lesotho,"Inflation, end of period consumer prices",Index,Units,3.108,3.497,4.166,4.598,5.116,6.13,6.908,7.534,8.721,9.779,11.505,13.405,15.456,16.405,18.154,19.838,21.586,23.162,25.234,26.832,28.71,31.841,34.298,36.069,37.401,39.309,41.64,46.075,50.931,52.738,54.643,58.567,61.477,64.861,66.166,71.116,74.276,77.867,81.943,85.208,90.707,97.242,103.895,111.62,116.4,2023
666,LSO,PCPIEPCH,Lesotho,"Inflation, end of period consumer prices",Percent change,Units,n/a,12.5,19.136,10.363,11.268,19.831,12.676,9.062,15.759,12.129,17.66,16.51,15.298,6.145,10.658,9.275,8.814,7.3,8.947,6.33,6.999,10.906,7.719,5.163,3.693,5.102,5.93,10.65,10.541,3.547,3.612,7.182,4.969,5.504,2.012,7.481,4.443,4.835,5.235,3.985,6.453,7.204,6.842,7.435,4.283,2023
668,LBR,PCPI,Liberia,"Inflation, average consumer prices",Index,Units,n/a,n/a,n/a,n/a,n/a,n/a,n/a,n/a,n/a,n/a,n/a,n/a,n/a,n/a,n/a,n/a,n/a,n/a,93.121,94.967,100,112.149,128.03,141.256,146.277,156.436,171.319,190.834,224.212,240.864,258.426,280.358,299.511,322.208,353.972,381.375,415.104,466.72,576.618,732.129,856.247,923.17,993.267,"1,093.53","1,183.37",2023
668,LBR,PCPIPCH,Liberia,"Inflation, average consumer prices",Percent change,Units,n/a,n/a,n/a,n/a,n/a,n/a,n/a,n/a,n/a,n/a,n/a,n/a,n/a,n/a,n/a,n/a,n/a,n/a,n/a,1.982,5.3,12.149,14.16,10.33,3.555,6.945,9.514,11.391,17.49,7.427,7.291,8.487,6.832,7.578,9.858,7.742,8.844,12.435,23.547,26.969,16.953,7.816,7.593,10.094,8.215,2023
668,LBR,PCPIE,Liberia,"Inflation, end of period consumer prices",Index,Units,n/a,n/a,n/a,n/a,n/a,n/a,n/a,n/a,n/a,n/a,n/a,n/a,n/a,n/a,n/a,n/a,n/a,n/a,90.575,97.932,101.07,120.589,133.968,140.716,151.303,161.895,181.178,202.301,221.294,242.777,258.844,288.479,310.718,337.111,362.936,392.113,441.196,502.496,645.833,776.619,878.53,926.486,"1,011.59","1,112.90","1,231.86",2023
668,LBR,PCPIEPCH,Liberia,"Inflation, end of period consumer prices",Percent change,Units,n/a,n/a,n/a,n/a,n/a,n/a,n/a,n/a,n/a,n/a,n/a,n/a,n/a,n/a,n/a,n/a,n/a,n/a,n/a,8.123,3.204,19.313,11.095,5.037,7.524,7,11.911,11.659,9.388,9.708,6.618,11.449,7.709,8.494,7.661,8.039,12.518,13.894,28.525,20.251,13.122,5.459,9.185,10.015,10.69,2023
672,LBY,PCPI,Libya,"Inflation, average consumer prices",Index,Units,34.644,39.215,44.628,49.319,55.454,60.506,62.551,65.318,67.363,70.37,70.877,79.17,86.652,93.128,103.066,111.664,116.126,120.291,124.765,127.977,124.256,113.273,102.101,100,101.252,103.943,105.466,112.017,123.667,126.695,129.808,150.45,159.585,163.725,167.708,184.499,232.199,292.115,332.928,323.372,328.119,337.531,352.755,361.126,368.804,2024
672,LBY,PCPIPCH,Libya,"Inflation, average consumer prices",Percent change,Units,14.286,13.194,13.804,10.512,12.439,9.111,3.38,4.423,3.131,4.464,0.721,11.7,9.45,7.474,10.671,8.342,3.996,3.586,3.719,2.574,-2.907,-8.839,-9.863,-2.057,1.252,2.658,1.465,6.211,10.401,2.448,2.458,15.902,6.072,2.594,2.433,10.012,25.854,25.804,13.972,-2.87,1.468,2.868,4.51,2.373,2.126,2024
672,LBY,PCPIE,Libya,"Inflation, end of period consumer prices",Index,Units,34.182,38.858,43.534,48.545,53.666,57.007,59.122,61.349,63.687,67.918,75.277,84.084,92.03,98.908,109.463,118.595,119.604,123.494,128.206,130.34,121.727,109.213,101.275,100,96.5,105.969,108.874,116.857,128.362,128.783,133.065,168.522,162.331,165.097,176.883,206.776,256.368,328.096,324.188,324.881,334.032,346.399,360.621,367.176,375.585,2024
672,LBY,PCPIEPCH,Libya,"Inflation, end of period consumer prices",Percent change,Units,13.704,13.681,12.034,11.509,10.55,6.224,3.711,3.766,3.811,6.643,10.834,11.7,9.45,7.474,10.671,8.342,0.851,3.253,3.816,1.665,-6.609,-10.28,-7.268,-1.259,-3.5,9.812,2.741,7.332,9.846,0.328,3.325,26.646,-3.674,1.704,7.138,16.9,23.983,27.979,-1.191,0.214,2.817,3.702,4.106,1.818,2.29,2024
946,LTU,PCPI,Lithuania,"Inflation, average consumer prices",Index,Units,n/a,n/a,n/a,n/a,n/a,n/a,n/a,n/a,n/a,n/a,n/a,n/a,n/a,n/a,n/a,47.485,58.45,63.556,66.968,67.935,68.678,69.743,69.977,69.223,70.023,71.893,74.594,78.934,87.689,91.338,92.426,96.238,99.283,100.438,100.682,100,100.678,104.422,107.065,109.466,110.628,115.745,137.572,149.52,150.794,2024
946,LTU,PCPIPCH,Lithuania,"Inflation, average consumer prices",Percent change,Units,n/a,n/a,n/a,n/a,n/a,n/a,n/a,n/a,n/a,n/a,n/a,n/a,n/a,n/a,n/a,n/a,23.092,8.735,5.369,1.443,1.094,1.549,0.336,-1.077,1.154,2.672,3.757,5.818,11.092,4.161,1.191,4.124,3.164,1.164,0.242,-0.677,0.678,3.718,2.531,2.242,1.062,4.625,18.858,8.685,0.852,2024
946,LTU,PCPIE,Lithuania,"Inflation, end of period consumer prices",Index,Units,n/a,n/a,n/a,n/a,n/a,n/a,n/a,n/a,n/a,n/a,n/a,n/a,n/a,n/a,n/a,54.06,60.41,65.57,67.59,67.85,68.98,70.38,69.75,68.84,70.8,72.92,76.24,82.49,89.47,90.52,93.8,97.06,99.89,100.419,100.23,99.98,101.94,105.82,107.68,110.62,110.54,122.37,146.82,149.17,151.95,2024
946,LTU,PCPIEPCH,Lithuania,"Inflation, end of period consumer prices",Percent change,Units,n/a,n/a,n/a,n/a,n/a,n/a,n/a,n/a,n/a,n/a,n/a,n/a,n/a,n/a,n/a,n/a,11.746,8.542,3.081,0.385,1.665,2.03,-0.895,-1.305,2.847,2.994,4.553,8.198,8.462,1.174,3.624,3.475,2.916,0.53,-0.189,-0.249,1.96,3.806,1.758,2.73,-0.072,10.702,19.98,1.601,1.864,2024
137,LUX,PCPI,Luxembourg,"Inflation, average consumer prices",Index,Units,36.734,39.7,43.415,47.179,49.838,51.878,52.034,51.982,52.709,54.502,56.518,58.27,60.135,62.3,63.67,64.88,65.63,66.53,67.177,67.863,70.429,72.123,73.605,75.466,77.914,80.844,83.239,85.449,88.946,88.953,91.439,94.848,97.588,99.246,99.934,99.993,100.036,102.15,104.212,105.932,105.94,109.621,118.553,122.023,124.772,2023
137,LUX,PCPIPCH,Luxembourg,"Inflation, average consumer prices",Percent change,Units,6.3,8.073,9.357,8.669,5.637,4.094,0.3,-0.1,1.4,3.4,3.7,3.1,3.2,3.6,2.2,1.9,1.156,1.371,0.972,1.021,3.782,2.404,2.056,2.528,3.244,3.761,2.962,2.655,4.092,0.007,2.795,3.728,2.888,1.699,0.694,0.059,0.043,2.113,2.018,1.65,0.008,3.474,8.149,2.927,2.252,2023
137,LUX,PCPIE,Luxembourg,"Inflation, end of period consumer prices",Index,Units,37.99,41.045,45.324,48.96,50.578,52.671,51.924,52.263,53.264,55.355,57.768,59.269,60.99,63.191,64.33,65.14,66,66.99,67.27,68.88,71.86,72.56,74.61,76.45,79.14,81.92,83.78,87.41,88.04,90.24,93.02,96.16,98.5,99.98,98.98,99.78,101.33,102.92,104.93,106.98,106.81,112.83,120.02,123.93,125.97,2023
137,LUX,PCPIEPCH,Luxembourg,"Inflation, end of period consumer prices",Percent change,Units,6.994,8.041,10.425,8.022,3.304,4.138,-1.419,0.653,1.917,3.925,4.359,2.599,2.904,3.608,1.803,1.258,1.32,1.5,0.418,2.393,4.326,0.974,2.825,2.466,3.519,3.513,2.271,4.333,0.721,2.499,3.081,3.376,2.433,1.503,-1,0.808,1.553,1.569,1.953,1.954,-0.159,5.636,6.372,3.258,1.646,2023
546,MAC,PCPI,Macao SAR,"Inflation, average consumer prices",Index,Units,n/a,n/a,n/a,n/a,n/a,n/a,n/a,n/a,n/a,n/a,n/a,n/a,n/a,n/a,n/a,n/a,n/a,n/a,n/a,n/a,n/a,82.092,79.927,78.68,79.45,82.943,87.217,92.074,100,101.172,104.015,110.053,116.77,123.201,130.648,136.606,139.842,141.559,145.814,149.826,151.041,151.083,152.661,154.094,155.232,2024
546,MAC,PCPIPCH,Macao SAR,"Inflation, average consumer prices",Percent change,Units,n/a,n/a,n/a,n/a,n/a,n/a,n/a,n/a,n/a,n/a,n/a,n/a,n/a,n/a,n/a,n/a,n/a,n/a,n/a,n/a,n/a,n/a,-2.638,-1.56,0.978,4.397,5.153,5.568,8.609,1.172,2.81,5.805,6.103,5.507,6.045,4.56,2.369,1.227,3.006,2.752,0.811,0.028,1.044,0.939,0.738,2024
546,MAC,PCPIE,Macao SAR,"Inflation, end of period consumer prices",Index,Units,n/a,n/a,n/a,n/a,n/a,n/a,n/a,n/a,n/a,n/a,n/a,n/a,n/a,n/a,n/a,n/a,n/a,n/a,n/a,n/a,n/a,80.708,79.43,78.368,80.554,85.08,88.974,95.317,101.181,101.936,105.938,113.142,119.731,126.596,133.662,138.649,140.65,143.529,147.747,151.534,150.225,151.718,152.888,155.059,155.413,2024
546,MAC,PCPIEPCH,Macao SAR,"Inflation, end of period consumer prices",Percent change,Units,n/a,n/a,n/a,n/a,n/a,n/a,n/a,n/a,n/a,n/a,n/a,n/a,n/a,n/a,n/a,n/a,n/a,n/a,n/a,n/a,n/a,n/a,-1.583,-1.337,2.789,5.618,4.578,7.128,6.153,0.745,3.926,6.8,5.823,5.734,5.581,3.731,1.443,2.047,2.939,2.563,-0.863,0.994,0.771,1.42,0.228,2024
674,MDG,PCPI,Madagascar,"Inflation, average consumer prices",Index,Units,1.115,1.455,1.919,2.292,2.515,2.781,3.184,3.676,4.644,5.063,5.664,6.147,7.043,7.746,10.767,16.046,19.217,20.081,21.328,22.861,25.506,27.525,32.066,31.52,35.919,42.515,47.092,51.937,56.765,61.848,67.567,73.974,78.201,82.757,87.789,94.29,100,108.59,117.927,124.558,129.775,137.327,148.528,163.175,175.64,2023
674,MDG,PCPIPCH,Madagascar,"Inflation, average consumer prices",Percent change,Units,18.278,30.457,31.907,19.469,9.72,10.566,14.492,15.461,26.338,9.017,11.859,8.54,14.567,9.99,38.992,49.036,19.761,4.492,6.21,7.189,11.57,7.917,16.499,-1.704,13.956,18.364,10.766,10.288,9.297,8.954,9.247,9.483,5.714,5.826,6.08,7.404,6.056,8.59,8.598,5.623,4.188,5.819,8.157,9.861,7.64,2023
674,MDG,PCPIE,Madagascar,"Inflation, end of period consumer prices",Index,Units,1.106,1.443,1.903,2.273,2.495,2.786,3.084,3.985,4.675,5.17,5.886,6.576,7.633,8.263,13.322,18.292,19.807,20.766,22.096,24.328,26.728,28.247,32.066,31.813,40.507,45.141,50.029,54.139,59.629,64.396,70.961,75.859,80.242,85.264,90.402,97.239,103.026,113.945,121.856,126.7,132.488,140.647,155.868,167.482,181.884,2023
674,MDG,PCPIEPCH,Madagascar,"Inflation, end of period consumer prices",Percent change,Units,n/a,30.457,31.907,19.469,9.759,11.641,10.713,29.196,17.321,10.598,13.843,11.725,16.074,8.256,61.216,37.311,8.282,4.843,6.403,10.105,9.864,5.683,13.521,-0.79,27.327,11.44,10.829,8.214,10.141,7.994,10.195,6.903,5.778,6.258,6.026,7.563,5.952,10.598,6.943,3.975,4.569,6.158,10.823,7.451,8.599,2023
676,MWI,PCPI,Malawi,"Inflation, average consumer prices",Index,Units,0.101,0.113,0.124,0.141,0.169,0.187,0.214,0.267,0.358,0.402,0.45,0.487,0.6,0.737,0.992,1.817,2.503,2.732,3.545,5.132,6.65,8.16,9.363,10.26,11.432,13.2,15.038,16.232,17.647,19.132,20.549,22.116,26.825,34.411,42.592,51.903,63.18,70.471,76.965,84.183,91.455,100,120.839,155.639,205.696,2023
676,MWI,PCPIPCH,Malawi,"Inflation, average consumer prices",Percent change,Units,19.19,12,9.524,13.768,19.745,10.638,14.183,25.053,33.838,12.453,11.857,8.227,23.236,22.775,34.659,83.148,37.733,9.137,29.779,44.759,29.597,22.7,14.745,9.577,11.424,15.466,13.918,7.942,8.716,8.416,7.409,7.621,21.296,28.279,23.775,21.86,21.727,11.541,9.215,9.378,8.639,9.343,20.839,28.799,32.162,2023
676,MWI,PCPIE,Malawi,"Inflation, end of period consumer prices",Index,Units,0.09,0.098,0.11,0.131,0.146,0.162,0.185,0.251,0.317,0.314,0.387,0.415,0.565,0.668,1.109,1.94,2.071,2.384,3.652,4.682,6.342,7.745,8.634,9.483,10.781,12.567,13.841,14.882,16.362,17.602,18.706,20.539,27.64,34.136,42.38,52.914,63.48,67.963,74.686,83.295,89.663,100,125.43,168.678,216.103,2023
676,MWI,PCPIEPCH,Malawi,"Inflation, end of period consumer prices",Percent change,Units,n/a,8.998,12.511,18.608,11.926,11.054,13.853,35.511,26.372,-0.974,23.2,7.388,36.09,18.309,65.965,74.95,6.7,15.16,53.146,28.231,35.445,22.121,11.48,9.824,13.695,16.561,10.138,7.523,9.945,7.58,6.27,9.798,34.577,23.5,24.152,24.855,19.969,7.061,9.892,11.527,7.645,11.529,25.43,34.48,28.115,2023
548,MYS,PCPI,Malaysia,"Inflation, average consumer prices",Index,Units,41.273,45.276,47.917,49.692,51.632,52.968,53.153,53.545,53.7,55.073,56.749,59.205,62.034,64.234,66.603,68.913,71.311,73.204,77.078,79.184,80.412,81.56,83.022,83.913,85.105,87.692,90.867,92.708,97.742,98.325,100.017,103.2,104.908,107.117,110.483,112.808,115.15,119.525,120.683,121.483,120.1,123.075,127.233,130.4,132.792,2024
548,MYS,PCPIPCH,Malaysia,"Inflation, average consumer prices",Percent change,Units,6.724,9.7,5.834,3.704,3.904,2.587,0.35,0.737,0.29,2.557,3.043,4.328,4.778,3.547,3.687,3.468,3.479,2.655,5.293,2.731,1.551,1.427,1.793,1.074,1.42,3.039,3.621,2.027,5.429,0.597,1.72,3.183,1.655,2.105,3.143,2.104,2.076,3.799,0.969,0.663,-1.139,2.477,3.379,2.489,1.834,2024
548,MYS,PCPIE,Malaysia,"Inflation, end of period consumer prices",Index,Units,41.383,44.887,47.36,48.837,49.675,50.193,50.911,51.111,52.906,54.024,57.809,60.353,63.248,65.441,67.721,69.914,72.195,74.301,78.248,80.178,81.143,82.108,83.424,84.389,86.231,89,91.8,93.9,98.1,99.1,101.2,104.2,105.5,108.9,111.8,114.8,116.8,120.9,121.1,122.3,120.6,124.5,129.2,132.416,134.844,2024
548,MYS,PCPIEPCH,Malaysia,"Inflation, end of period consumer prices",Percent change,Units,7.135,8.467,5.511,3.117,1.716,1.044,1.431,0.392,3.513,2.112,7.007,4.401,4.797,3.467,3.485,3.238,3.262,2.916,5.313,2.466,1.204,1.189,1.603,1.157,2.183,3.211,3.146,2.288,4.473,1.019,2.119,2.964,1.248,3.223,2.663,2.683,1.742,3.51,0.165,0.991,-1.39,3.234,3.775,2.489,1.834,2024
556,MDV,PCPI,Maldives,"Inflation, average consumer prices",Index,Units,13.529,15.031,14.909,16.384,16.547,15.031,16.399,18.318,19.506,20.903,24.152,27.171,31.751,38.141,39.432,41.596,44.194,47.543,46.872,48.258,47.69,48.011,48.456,47.098,50.083,51.315,53.111,56.72,63.55,66.429,70.514,78.463,87.009,90.487,92.702,93.974,94.727,96.879,98.203,99.505,97.919,98.128,100.68,103.303,104.796,2023
556,MDV,PCPIPCH,Maldives,"Inflation, average consumer prices",Percent change,Units,27.877,11.1,-0.81,9.891,0.991,-9.158,9.1,11.7,6.484,7.164,15.542,12.5,16.857,20.126,3.386,5.488,6.244,7.579,-1.41,2.956,-1.178,0.673,0.927,-2.803,6.339,2.46,3.5,6.795,12.041,4.53,6.15,11.273,10.891,3.997,2.448,1.371,0.801,2.272,1.367,1.326,-1.594,0.213,2.601,2.605,1.445,2023
556,MDV,PCPIE,Maldives,"Inflation, end of period consumer prices",Index,Units,n/a,n/a,n/a,n/a,n/a,n/a,n/a,n/a,n/a,n/a,n/a,27.098,30.471,36.628,47.58,41.572,44.941,50.677,45.931,47.458,46.179,49.683,47.18,46.494,51.172,52.681,54.314,59.14,64.423,67.921,72.626,84.721,89.322,92.059,93.138,94.217,95.937,98.08,98.61,100.301,98.251,98.408,101.704,103.636,108.08,2023
556,MDV,PCPIEPCH,Maldives,"Inflation, end of period consumer prices",Percent change,Units,n/a,n/a,n/a,n/a,n/a,n/a,n/a,n/a,n/a,n/a,n/a,n/a,12.447,20.206,29.901,-12.628,8.104,12.764,-9.365,3.324,-2.696,7.587,-5.037,-1.454,10.062,2.948,3.1,8.885,8.932,5.431,6.927,16.654,5.43,3.064,1.173,1.158,1.825,2.234,0.54,1.716,-2.044,0.16,3.349,1.9,4.288,2023
678,MLI,PCPI,Mali,"Inflation, average consumer prices",Index,Units,48.556,54.73,56.838,62.807,69.536,75.848,74.796,63.624,69.317,69.208,70.321,71.381,67.164,66.783,83.004,92.669,98.647,97.983,101.969,100.783,100,105.184,110.476,109.04,105.635,112.386,114.13,115.743,126.365,129.368,130.915,134.785,141.93,141.107,142.366,144.405,141.803,145.189,147.965,143.482,144.172,149.663,164.231,167.612,173.011,2023
678,MLI,PCPIPCH,Mali,"Inflation, average consumer prices",Percent change,Units,20.25,12.717,3.852,10.5,10.714,9.078,-1.387,-14.936,8.948,-0.158,1.608,1.508,-5.907,-0.568,24.289,11.643,6.452,-0.673,4.068,-1.163,-0.777,5.184,5.03,-1.299,-3.123,6.39,1.552,1.414,9.177,2.376,1.196,2.956,5.301,-0.58,0.892,1.433,-1.802,2.388,1.912,-3.03,0.481,3.808,9.734,2.059,3.221,2023
678,MLI,PCPIE,Mali,"Inflation, end of period consumer prices",Index,Units,n/a,n/a,n/a,n/a,n/a,n/a,n/a,n/a,n/a,n/a,70.05,66.691,63.881,64.155,84.718,92.463,95.035,95.938,98.88,97.479,100,105.182,109.524,104.062,105.602,109.104,113.025,115.686,125,126.849,129.174,135.966,139.23,139.23,140.826,142.185,141.106,143.571,144.692,139.888,140.896,153.361,165.266,164.426,172.077,2023
678,MLI,PCPIEPCH,Mali,"Inflation, end of period consumer prices",Percent change,Units,n/a,n/a,n/a,n/a,n/a,n/a,n/a,n/a,n/a,n/a,n/a,-4.795,-4.214,0.429,32.051,9.142,2.782,0.95,3.066,-1.416,2.586,5.182,4.128,-4.987,1.48,3.316,3.594,2.354,8.051,1.479,1.833,5.259,2.4,0,1.147,0.965,-0.758,1.747,0.78,-3.32,0.721,8.847,7.763,-0.508,4.653,2023
181,MLT,PCPI,Malta,"Inflation, average consumer prices",Index,Units,42.534,47.472,50.233,49.769,49.549,49.432,50.436,50.645,51.124,51.567,53.101,54.456,55.461,57.697,60.078,62.466,63.693,66.192,68.632,70.206,72.338,74.157,76.095,77.564,79.678,81.688,83.792,84.376,88.328,89.953,91.789,94.096,97.133,98.083,98.84,100.003,100.903,102.175,103.954,105.538,106.368,107.119,113.686,120.011,122.941,2024
181,MLT,PCPIPCH,Malta,"Inflation, average consumer prices",Percent change,Units,2.692,11.61,5.817,-0.925,-0.443,-0.236,2.031,0.416,0.946,0.866,2.975,2.552,1.845,4.031,4.128,3.973,1.964,3.924,3.686,2.294,3.037,2.514,2.614,1.931,2.726,2.522,2.576,0.697,4.684,1.84,2.041,2.513,3.227,0.979,0.771,1.176,0.9,1.261,1.741,1.523,0.787,0.706,6.13,5.564,2.441,2024
181,MLT,PCPIE,Malta,"Inflation, end of period consumer prices",Index,Units,44.925,48.719,50.902,49.264,49.879,50.119,50.832,51.246,51.596,50.177,53.296,53.839,55.156,57.684,59.701,61.872,63.03,65.93,67.85,70.8,71.52,74.07,75.59,77.44,78.9,81.56,82.19,84.7,88.92,88.53,92.11,93.47,96.04,97.01,97.38,98.6,99.55,100.88,102.13,103.44,103.61,106.33,114.08,118.3,120.48,2024
181,MLT,PCPIEPCH,Malta,"Inflation, end of period consumer prices",Percent change,Units,12.663,8.445,4.482,-3.217,1.248,0.48,1.424,0.815,0.682,-2.749,6.215,1.02,2.446,4.583,3.496,3.637,1.872,4.601,2.912,4.348,1.017,3.565,2.052,2.447,1.885,3.371,0.772,3.054,4.982,-0.439,4.044,1.476,2.75,1.01,0.381,1.253,0.963,1.336,1.239,1.283,0.164,2.625,7.289,3.699,1.843,2024
867,MHL,PCPI,Marshall Islands,"Inflation, average consumer prices",Index,Units,n/a,n/a,n/a,n/a,n/a,n/a,n/a,n/a,n/a,n/a,n/a,n/a,n/a,n/a,n/a,n/a,n/a,n/a,n/a,n/a,n/a,n/a,n/a,100.498,102.523,106.099,111.68,114.614,131.427,132.058,134.395,141.587,147.732,150.466,152.119,148.716,146.475,146.549,147.723,147.561,146.59,149.883,154.043,165.505,174.382,2023
867,MHL,PCPIPCH,Marshall Islands,"Inflation, average consumer prices",Percent change,Units,n/a,n/a,n/a,n/a,n/a,n/a,n/a,n/a,n/a,n/a,n/a,n/a,n/a,n/a,n/a,n/a,n/a,n/a,n/a,n/a,n/a,n/a,n/a,n/a,2.014,3.489,5.26,2.627,14.669,0.48,1.77,5.352,4.34,1.851,1.098,-2.237,-1.507,0.05,0.802,-0.11,-0.658,2.247,2.775,7.441,5.363,2023
867,MHL,PCPIE,Marshall Islands,"Inflation, end of period consumer prices",Index,Units,n/a,n/a,n/a,n/a,n/a,n/a,n/a,n/a,n/a,n/a,n/a,n/a,n/a,n/a,n/a,n/a,n/a,n/a,n/a,n/a,n/a,n/a,n/a,101.97,104.388,110.843,113.694,118.613,138.313,130.264,137.082,145.75,149.985,151.137,153.086,147.204,146.062,147.575,148.572,146.108,148.359,150.959,159.528,169.312,179.451,2023
867,MHL,PCPIEPCH,Marshall Islands,"Inflation, end of period consumer prices",Percent change,Units,n/a,n/a,n/a,n/a,n/a,n/a,n/a,n/a,n/a,n/a,n/a,n/a,n/a,n/a,n/a,n/a,n/a,n/a,n/a,n/a,n/a,n/a,n/a,n/a,2.372,6.183,2.572,4.327,16.608,-5.819,5.235,6.323,2.906,0.768,1.289,-3.842,-0.776,1.036,0.676,-1.658,1.541,1.753,5.676,6.133,5.988,2023
682,MRT,PCPI,Mauritania,"Inflation, average consumer prices",Index,Units,n/a,n/a,n/a,n/a,n/a,n/a,n/a,n/a,n/a,n/a,39.354,41.569,45.785,50.076,52.143,55.555,58.156,60.846,65.732,68.411,70.637,73.967,76.849,80.808,89.186,100,106.241,113.948,122.438,125.054,132.885,140.441,147.326,153.413,159.2,159.974,162.329,166.012,171.081,175.026,179.195,185.572,203.3,213.361,218.236,2023
682,MRT,PCPIPCH,Mauritania,"Inflation, average consumer prices",Percent change,Units,n/a,n/a,n/a,n/a,n/a,n/a,n/a,n/a,n/a,n/a,n/a,5.629,10.142,9.37,4.128,6.544,4.681,4.625,8.032,4.074,3.254,4.715,3.896,5.152,10.368,12.126,6.241,7.254,7.45,2.137,6.262,5.686,4.902,4.131,3.772,0.486,1.472,2.269,3.053,2.306,2.382,3.558,9.553,4.949,2.285,2023
682,MRT,PCPIE,Mauritania,"Inflation, end of period consumer prices",Index,Units,n/a,n/a,n/a,n/a,n/a,n/a,n/a,n/a,n/a,n/a,41.014,42.492,49.955,50.701,52.069,56.756,59.298,62.579,67.742,69.047,72.898,74.161,80.392,82.319,95.609,101.16,110.15,118.312,122.933,128.976,136.899,144.389,149.305,156.003,163.804,159.168,163.578,165.599,170.822,175.438,178.642,188.837,209.635,212.924,219.312,2023
682,MRT,PCPIEPCH,Mauritania,"Inflation, end of period consumer prices",Percent change,Units,n/a,n/a,n/a,n/a,n/a,n/a,n/a,n/a,n/a,n/a,n/a,3.606,17.562,1.493,2.699,9.001,4.479,5.533,8.25,1.927,5.578,1.732,8.402,2.398,16.144,5.805,8.887,7.41,3.906,4.915,6.143,5.472,3.405,4.486,5.001,-2.83,2.77,1.236,3.154,2.702,1.826,5.707,11.014,1.569,3,2023
684,MUS,PCPI,Mauritius,"Inflation, average consumer prices",Index,Units,9.237,11.68,13.244,14.23,15.017,16.266,16.972,17.094,17.709,20.119,22.273,25.128,25.846,29.797,31.982,33.91,36.132,38.6,41.228,44.065,45.924,48.4,51.504,52.887,55.378,58.113,63.292,68.878,75.575,77.482,79.747,84.956,88.235,91.354,94.3,95.502,96.456,100,103.231,103.7,106.314,110.607,122.536,131.169,135.89,2024
684,MUS,PCPIPCH,Mauritius,"Inflation, average consumer prices",Percent change,Units,33.04,26.45,13.384,7.452,5.525,8.321,4.336,0.719,3.6,13.61,10.705,12.817,2.857,15.288,7.335,6.026,6.553,6.831,6.808,6.882,4.217,5.391,6.414,2.686,4.71,4.937,8.914,8.825,9.723,2.524,2.924,6.532,3.86,3.535,3.224,1.275,0.999,3.675,3.231,0.454,2.52,4.039,10.785,7.045,3.599,2024
684,MUS,PCPIE,Mauritius,"Inflation, end of period consumer prices",Index,Units,10.424,12.044,13.599,14.259,15.257,16.335,16.793,16.995,18.403,21.047,23.244,25.235,26.845,30.868,32.717,34.685,37.269,39.157,42.699,44.787,46.917,49.255,51.784,53.81,56.824,59.047,66.064,71.757,76.621,77.749,82.551,86.521,89.272,92.899,93.121,94.314,96.507,100.629,102.4,103.3,106.1,113.278,127.09,131.989,135.801,2024
684,MUS,PCPIEPCH,Mauritius,"Inflation, end of period consumer prices",Percent change,Units,n/a,15.546,12.909,4.856,6.994,7.067,2.805,1.204,8.283,14.366,10.44,8.567,6.379,14.987,5.988,6.017,7.449,5.066,9.047,4.89,4.757,4.983,5.133,3.912,5.601,3.913,11.883,8.617,6.779,1.472,6.177,4.81,3.179,4.063,0.239,1.281,2.325,4.271,1.76,0.879,2.711,6.766,12.193,3.854,2.889,2024
273,MEX,PCPI,Mexico,"Inflation, average consumer prices",Index,Units,0.057,0.073,0.117,0.236,0.39,0.615,1.147,2.661,5.682,6.814,8.63,10.581,12.223,13.417,14.354,19.387,26.046,31.411,36.41,42.442,46.468,49.426,51.916,54.278,56.826,59.094,61.241,63.672,66.938,70.483,73.411,75.91,79.031,82.037,85.335,87.655,90.127,95.573,100.253,103.898,107.428,113.544,122.511,129.281,135.386,2024
273,MEX,PCPIPCH,Mexico,"Inflation, average consumer prices",Percent change,Units,26.471,28.034,59.115,101.805,65.439,57.789,86.449,131.959,113.503,19.919,26.65,22.609,15.517,9.763,6.986,35.061,34.35,20.597,15.917,16.566,9.486,6.366,5.037,4.55,4.694,3.99,3.633,3.969,5.13,5.296,4.155,3.404,4.111,3.804,4.019,2.719,2.82,6.042,4.898,3.635,3.398,5.693,7.897,5.526,4.723,2024
273,MEX,PCPIE,Mexico,"Inflation, end of period consumer prices",Index,Units,0.064,0.082,0.163,0.294,0.468,0.766,1.577,4.086,6.197,7.418,9.638,11.45,12.817,13.843,14.819,22.52,28.759,33.28,39.473,44.336,48.308,50.435,53.31,55.43,58.307,60.25,62.692,65.049,69.296,71.772,74.931,77.792,80.568,83.77,87.189,89.047,92.039,98.273,103.02,105.934,109.271,117.308,126.478,132.373,137.949,2024
273,MEX,PCPIEPCH,Mexico,"Inflation, end of period consumer prices",Percent change,Units,n/a,27.414,98.9,80.701,59.184,63.739,105.755,159.174,51.657,19.697,29.93,18.795,11.938,8.009,7.051,51.966,27.704,15.719,18.609,12.319,8.959,4.403,5.7,3.977,5.191,3.333,4.053,3.759,6.528,3.574,4.402,3.819,3.568,3.974,4.081,2.131,3.36,6.773,4.831,2.829,3.15,7.355,7.817,4.661,4.212,2024
868,FSM,PCPI,Micronesia,"Inflation, average consumer prices",Index,Units,n/a,n/a,n/a,n/a,n/a,n/a,n/a,n/a,n/a,n/a,n/a,n/a,n/a,n/a,n/a,73.696,75.756,77.777,79.046,80.563,82.045,83.126,82.993,82.79,84.235,87.678,91.532,94.863,101.098,109.341,113.297,117.66,125.075,127.749,128.674,128.717,127.537,127.662,128.99,131.84,133.111,135.47,142.271,151.105,159.323,2024
868,FSM,PCPIPCH,Micronesia,"Inflation, average consumer prices",Percent change,Units,n/a,n/a,n/a,n/a,n/a,n/a,n/a,n/a,n/a,n/a,n/a,n/a,n/a,n/a,n/a,n/a,2.796,2.667,1.633,1.919,1.839,1.317,-0.159,-0.245,1.745,4.087,4.396,3.639,6.572,8.154,3.618,3.851,6.302,2.138,0.724,0.034,-0.916,0.098,1.04,2.209,0.964,1.772,5.02,6.21,5.439,2024
868,FSM,PCPIE,Micronesia,"Inflation, end of period consumer prices",Index,Units,n/a,n/a,n/a,n/a,n/a,n/a,n/a,n/a,n/a,n/a,n/a,n/a,n/a,n/a,n/a,n/a,n/a,n/a,n/a,81.356,83.532,83.028,82.704,83.599,86.273,89.645,94.006,97.305,107.906,112.065,115.032,123.732,126.828,128.048,128.901,128.044,127.096,127.899,131.06,132.806,132.402,139.544,148.657,155.553,160.2,2024
868,FSM,PCPIEPCH,Micronesia,"Inflation, end of period consumer prices",Percent change,Units,n/a,n/a,n/a,n/a,n/a,n/a,n/a,n/a,n/a,n/a,n/a,n/a,n/a,n/a,n/a,n/a,n/a,n/a,n/a,n/a,2.675,-0.603,-0.39,1.082,3.199,3.908,4.865,3.509,10.894,3.854,2.648,7.563,2.502,0.962,0.666,-0.665,-0.741,0.632,2.472,1.332,-0.305,5.395,6.53,4.639,2.987,2024
921,MDA,PCPI,Moldova,"Inflation, average consumer prices",Index,Units,n/a,n/a,n/a,n/a,n/a,n/a,n/a,n/a,n/a,n/a,n/a,n/a,100,888.503,"3,817.33","4,970.76","6,139.17","6,861.92","7,390.00","10,291.46","13,502.97","14,804.83","15,577.43","17,394.83","19,556.24","21,873.90","24,653.46","27,705.98","31,225.83","31,227.59","33,525.17","36,089.71","37,734.79","39,458.96","41,454.86","45,446.03","48,335.52","51,480.35","53,328.61","55,912.69","58,021.23","60,979.79","78,494.44","89,049.58","93,219.33",2024
921,MDA,PCPIPCH,Moldova,"Inflation, average consumer prices",Percent change,Units,n/a,n/a,n/a,n/a,n/a,n/a,n/a,n/a,n/a,n/a,n/a,n/a,n/a,788.503,329.636,30.216,23.506,11.773,7.696,39.262,31.206,9.641,5.219,11.667,12.426,11.851,12.707,12.382,12.704,0.006,7.358,7.65,4.558,4.569,5.058,9.628,6.358,6.506,3.59,4.846,3.771,5.099,28.722,13.447,4.683,2024
921,MDA,PCPIE,Moldova,"Inflation, end of period consumer prices",Index,Units,n/a,n/a,n/a,n/a,n/a,n/a,n/a,n/a,n/a,n/a,n/a,n/a,100,937,"2,024.86","2,506.77","2,885.30","3,205.56","3,788.98","5,448.55","6,456.53","6,869.75","7,174.83","8,301.05","9,335.68","10,272.72","11,719.24","13,255.69","14,228.51","14,291.26","15,446.07","16,647.55","17,305.88","18,201.87","19,053.63","21,631.18","22,124.10","23,746.77","23,960.49","25,757.53","25,857.98","29,462.58","38,372.07","39,983.69","42,770.56",2024
921,MDA,PCPIEPCH,Moldova,"Inflation, end of period consumer prices",Percent change,Units,n/a,n/a,n/a,n/a,n/a,n/a,n/a,n/a,n/a,n/a,n/a,n/a,n/a,837,116.1,23.8,15.1,11.1,18.2,43.8,18.5,6.4,4.441,15.697,12.464,10.037,14.081,13.111,7.339,0.441,8.081,7.779,3.954,5.177,4.68,13.528,2.279,7.334,0.9,7.5,0.39,13.94,30.24,4.2,6.97,2024
948,MNG,PCPI,Mongolia,"Inflation, average consumer prices",Index,Units,n/a,n/a,n/a,n/a,n/a,n/a,n/a,n/a,n/a,n/a,0.114,0.251,0.761,2.802,8.222,8.24,12.099,15.733,17.241,18.532,20.638,21.929,22.163,23.284,25.204,28.407,29.642,32.5,41.592,44.75,48.433,52.692,60.008,66.35,74.942,80.025,80.642,84.092,89.817,96.392,99.992,107.35,123.617,136.408,145.683,2024
948,MNG,PCPIPCH,Mongolia,"Inflation, average consumer prices",Percent change,Units,n/a,n/a,n/a,n/a,n/a,n/a,n/a,n/a,n/a,n/a,n/a,120.2,202.875,268.414,193.414,0.218,46.831,30.032,9.59,7.487,11.363,6.255,1.067,5.06,8.247,12.708,4.345,9.643,27.974,7.594,8.231,8.792,13.886,10.568,12.949,6.783,0.771,4.278,6.808,7.32,3.735,7.359,15.153,10.348,6.799,2024
948,MNG,PCPIE,Mongolia,"Inflation, end of period consumer prices",Index,Units,n/a,n/a,n/a,n/a,n/a,n/a,n/a,n/a,n/a,n/a,0.104,0.32,1.36,3.849,6.4,9.799,14.167,16.419,17.397,19.058,20.72,22.283,22.674,23.652,26.291,28.832,30.2,35.5,43.4,45.2,49.5,54.7,62.5,70,78.1,79.7,80.7,85.8,92.8,97.7,100.2,114.1,129.2,139.4,152,2024
948,MNG,PCPIEPCH,Mongolia,"Inflation, end of period consumer prices",Percent change,Units,n/a,n/a,n/a,n/a,n/a,n/a,n/a,n/a,n/a,n/a,n/a,208.6,325.478,182.976,66.3,53.105,44.576,15.898,5.952,9.551,8.718,7.547,1.754,4.31,11.157,9.665,4.746,17.55,22.254,4.147,9.513,10.505,14.26,12,11.571,2.049,1.255,6.32,8.159,5.28,2.559,13.872,13.234,7.895,9.039,2024
943,MNE,PCPI,Montenegro,"Inflation, average consumer prices",Index,Units,n/a,n/a,n/a,n/a,n/a,n/a,n/a,n/a,n/a,n/a,n/a,n/a,n/a,n/a,n/a,n/a,n/a,n/a,n/a,100,129.864,160.68,192.336,206.764,213.172,220.518,225.183,232.762,253.71,262.719,263.724,272.828,284.14,290.401,288.339,292.807,292.009,298.963,306.764,307.877,307.084,314.499,355.506,386.026,398.9,2023
943,MNE,PCPIPCH,Montenegro,"Inflation, average consumer prices",Percent change,Units,n/a,n/a,n/a,n/a,n/a,n/a,n/a,n/a,n/a,n/a,n/a,n/a,n/a,n/a,n/a,n/a,n/a,n/a,n/a,n/a,29.864,23.729,19.701,7.502,3.099,3.446,2.116,3.365,9,3.551,0.383,3.452,4.146,2.204,-0.71,1.549,-0.272,2.381,2.609,0.363,-0.258,2.415,13.039,8.585,3.335,2023
943,MNE,PCPIE,Montenegro,"Inflation, end of period consumer prices",Index,Units,n/a,n/a,n/a,n/a,n/a,n/a,n/a,n/a,n/a,n/a,n/a,n/a,n/a,n/a,n/a,n/a,n/a,n/a,n/a,100,125.69,160.707,175.751,186.7,194.474,197.974,203.517,219.188,234.97,238.494,239.5,248.341,260.888,261.761,260.888,264.594,267.267,272.402,276.823,279.708,277.193,290.005,339.954,354.406,361.924,2023
943,MNE,PCPIEPCH,Montenegro,"Inflation, end of period consumer prices",Percent change,Units,n/a,n/a,n/a,n/a,n/a,n/a,n/a,n/a,n/a,n/a,n/a,n/a,n/a,n/a,n/a,n/a,n/a,n/a,n/a,n/a,25.69,27.86,9.361,6.23,4.164,1.8,2.8,7.7,7.2,1.5,0.422,3.691,5.052,0.335,-0.334,1.42,1.01,1.921,1.623,1.042,-0.899,4.622,17.223,4.251,2.121,2023
686,MAR,PCPI,Morocco,"Inflation, average consumer prices",Index,Units,26.454,29.759,32.892,34.934,39.282,42.318,46.014,47.256,48.375,49.893,52.9,57.1,60.4,63.6,66.8,71,73,73.8,75.8,76.4,77.8,78.3,80.5,81.4,82.6,83.5,86.2,87.9,91.2,91,91.9,92.8,94,95.7,96.2,97.7,99.2,100,101.6,101.8,102.5,103.9,110.8,117.6,118.7,2024
686,MAR,PCPIPCH,Morocco,"Inflation, average consumer prices",Percent change,Units,9.408,12.493,10.528,6.208,12.448,7.729,8.734,2.699,2.369,3.138,6.026,7.94,5.779,5.298,5.031,6.287,2.817,1.096,2.71,0.792,1.832,0.643,2.81,1.118,1.474,1.09,3.234,1.972,3.754,-0.219,0.989,0.979,1.293,1.809,0.522,1.559,1.535,0.806,1.6,0.197,0.688,1.366,6.641,6.137,0.935,2024
686,MAR,PCPIE,Morocco,"Inflation, end of period consumer prices",Index,Units,27.054,30.633,32.688,36.786,39.56,43.304,45.201,46.284,46.999,49.634,53.379,57.744,59.993,63.562,67.18,69.967,72.705,73.805,75.443,76.128,77.399,78.719,79.844,81.261,81.701,83.413,86.151,87.862,91.578,90.1,92.1,92.9,95.3,95.7,97.3,97.9,99.6,101.2,101.4,102.5,102.2,105.5,114.3,118.2,119,2024
686,MAR,PCPIEPCH,Morocco,"Inflation, end of period consumer prices",Percent change,Units,9.689,13.227,6.71,12.538,7.54,9.464,4.38,2.398,1.543,5.608,7.543,8.177,3.895,5.949,5.692,4.148,3.913,1.513,2.219,0.907,1.67,1.706,1.429,1.776,0.542,2.095,3.283,1.986,4.229,-1.614,2.22,0.869,2.583,0.42,1.672,0.617,1.736,1.606,0.198,1.085,-0.293,3.229,8.341,3.412,0.677,2024
688,MOZ,PCPI,Mozambique,"Inflation, average consumer prices",Index,Units,0.036,0.038,0.044,0.057,0.074,0.097,0.136,0.358,0.568,0.807,1.159,1.545,2.241,3.188,5.201,7.68,11.404,12.244,12.426,12.783,14.408,15.713,18.348,20.817,23.447,24.955,28.26,31.2,35.728,37.078,41.686,46.343,47.547,49.575,50.842,52.652,62.333,72.172,74.458,78.692,79.423,84.681,93.462,100,103.202,2024
688,MOZ,PCPIPCH,Mozambique,"Inflation, average consumer prices",Percent change,Units,2,4.2,17.695,28.198,30.044,30.785,40.491,164.115,58.507,42.076,43.723,33.258,45.076,42.255,63.123,47.668,48.491,7.36,1.487,2.874,12.713,9.061,16.769,13.455,12.634,6.428,13.245,10.404,14.511,3.781,12.426,11.171,2.598,4.266,2.555,3.56,18.387,15.785,3.167,5.687,0.93,6.62,10.369,6.996,3.202,2024
688,MOZ,PCPIE,Mozambique,"Inflation, end of period consumer prices",Index,Units,0.038,0.042,0.052,0.067,0.087,0.117,0.165,0.472,0.714,0.916,1.348,1.823,2.816,4.045,6.332,9.912,11.829,12.562,12.442,13.216,14.727,17.958,19.595,22.302,24.325,27.036,29.57,33.28,37.22,38.05,44.7,47.44,48.4,50.11,51.07,56.47,70.21,72.84,75.42,78.35,81.8,87.8,97.34,101.51,105.72,2024
688,MOZ,PCPIEPCH,Mozambique,"Inflation, end of period consumer prices",Percent change,Units,n/a,9.521,23.339,29.701,29.79,33.893,41.397,185.325,51.327,28.38,47.099,35.214,54.5,43.638,56.558,56.537,19.343,6.197,-0.956,6.216,11.438,21.935,9.119,13.815,9.067,11.148,9.374,12.545,11.839,2.23,17.477,6.13,2.024,3.533,1.916,10.574,24.332,3.746,3.542,3.885,4.403,7.335,10.866,4.284,4.147,2024
518,MMR,PCPI,Myanmar,"Inflation, average consumer prices",Index,Units,n/a,n/a,n/a,n/a,n/a,n/a,n/a,n/a,n/a,n/a,n/a,n/a,n/a,n/a,n/a,n/a,n/a,9.862,14.526,18.418,19.201,15.401,18.776,27.689,29.906,31.965,37.256,50.085,60.559,62.795,66.515,71.057,71.313,75.864,80.218,88.274,94.248,98.05,105.188,114.733,117.312,128.575,164.583,206.532,261.263,2021
518,MMR,PCPIPCH,Myanmar,"Inflation, average consumer prices",Percent change,Units,n/a,n/a,n/a,n/a,n/a,n/a,n/a,n/a,n/a,n/a,n/a,n/a,n/a,n/a,n/a,n/a,n/a,n/a,47.286,26.795,4.254,-19.791,21.916,47.469,8.005,6.886,16.551,34.437,20.911,3.692,5.924,6.829,0.36,6.382,5.739,10.043,6.767,4.035,7.279,9.074,2.248,9.601,28.006,25.488,26.5,2021
518,MMR,PCPIE,Myanmar,"Inflation, end of period consumer prices",Index,Units,n/a,n/a,n/a,n/a,n/a,n/a,n/a,n/a,n/a,n/a,n/a,n/a,n/a,n/a,n/a,n/a,n/a,11.671,17.585,19.286,19.065,15.076,24.142,29.963,30.882,33.964,42.388,56.896,65.067,64.988,69.212,71.3,74.235,79.382,82.238,89.186,95.426,100.597,108.566,115.745,118.805,139.357,179.15,224.53,287.398,2021
518,MMR,PCPIEPCH,Myanmar,"Inflation, end of period consumer prices",Percent change,Units,n/a,n/a,n/a,n/a,n/a,n/a,n/a,n/a,n/a,n/a,n/a,n/a,n/a,n/a,n/a,n/a,n/a,n/a,50.678,9.672,-1.144,-20.926,60.138,24.111,3.068,9.982,24.801,34.227,14.362,-0.121,6.5,3.017,4.116,6.934,3.598,8.447,6.997,5.419,7.921,6.612,2.644,17.299,28.555,25.331,28,2021
728,NAM,PCPI,Namibia,"Inflation, average consumer prices",Index,Units,n/a,n/a,n/a,n/a,n/a,n/a,n/a,n/a,n/a,n/a,15.23,17.288,21.014,22.974,25.744,28.607,31.097,34.107,36.364,39.775,43.838,48.315,54.459,58.389,60.804,62.191,65.277,69.551,75.876,83.048,87.097,91.456,97.604,103.071,108.583,112.271,119.823,127.189,132.65,137.586,140.626,145.717,154.571,163.659,170.599,2024
728,NAM,PCPIPCH,Namibia,"Inflation, average consumer prices",Percent change,Units,n/a,n/a,n/a,n/a,n/a,n/a,n/a,n/a,n/a,n/a,n/a,13.512,21.551,9.329,12.056,11.123,8.704,9.679,6.617,9.382,10.215,10.212,12.716,7.215,4.137,2.282,4.961,6.548,9.095,9.452,4.875,5.006,6.722,5.601,5.348,3.396,6.727,6.147,4.294,3.721,2.209,3.62,6.077,5.88,4.24,2024
728,NAM,PCPIE,Namibia,"Inflation, end of period consumer prices",Index,Units,n/a,n/a,n/a,n/a,n/a,n/a,n/a,n/a,n/a,n/a,15.808,19.301,21.642,23.977,27.02,29.342,32.049,34.414,37.678,40.905,45.85,49.997,57.123,58.595,61.075,63.265,67.082,70.787,78.69,84.927,87.526,94,100,104.894,109.754,113.811,122.117,128.427,135.04,138.535,141.806,148.179,158.41,166.8,172.466,2024
728,NAM,PCPIEPCH,Namibia,"Inflation, end of period consumer prices",Percent change,Units,n/a,n/a,n/a,n/a,n/a,n/a,n/a,n/a,n/a,n/a,n/a,22.099,12.127,10.791,12.693,8.591,9.227,7.38,9.485,8.564,12.09,9.044,14.254,2.576,4.233,3.585,6.033,5.523,11.165,7.926,3.06,7.397,6.383,4.894,4.634,3.696,7.298,5.167,5.15,2.588,2.361,4.494,6.904,5.297,3.397,2024
836,NRU,PCPI,Nauru,"Inflation, average consumer prices",Index,Units,n/a,n/a,n/a,n/a,n/a,n/a,n/a,n/a,n/a,n/a,n/a,n/a,n/a,n/a,n/a,n/a,n/a,n/a,n/a,n/a,n/a,n/a,n/a,n/a,52.556,57.108,68.131,71.947,72.692,88.991,87.239,84.299,84.52,83.587,83.817,92.017,99.509,103.951,105.063,109.364,110.382,112.598,113.887,119.334,133.145,2024
836,NRU,PCPIPCH,Nauru,"Inflation, average consumer prices",Percent change,Units,n/a,n/a,n/a,n/a,n/a,n/a,n/a,n/a,n/a,n/a,n/a,n/a,n/a,n/a,n/a,n/a,n/a,n/a,n/a,n/a,n/a,n/a,n/a,n/a,n/a,8.662,19.302,5.601,1.035,22.422,-1.968,-3.37,0.262,-1.105,0.275,9.784,8.141,4.464,1.07,4.094,0.931,2.007,1.146,4.782,11.574,2024
836,NRU,PCPIE,Nauru,"Inflation, end of period consumer prices",Index,Units,n/a,n/a,n/a,n/a,n/a,n/a,n/a,n/a,n/a,n/a,n/a,n/a,n/a,n/a,n/a,n/a,n/a,n/a,n/a,n/a,n/a,n/a,n/a,n/a,56.47,56.575,69.188,72.741,75.544,89.377,84.379,83.559,83.827,82.356,90.581,93.761,101.451,102.999,106.451,111.162,110.111,113.758,116.448,119.947,139.8,2024
836,NRU,PCPIEPCH,Nauru,"Inflation, end of period consumer prices",Percent change,Units,n/a,n/a,n/a,n/a,n/a,n/a,n/a,n/a,n/a,n/a,n/a,n/a,n/a,n/a,n/a,n/a,n/a,n/a,n/a,n/a,n/a,n/a,n/a,n/a,n/a,0.186,22.293,5.136,3.853,18.311,-5.592,-0.972,0.321,-1.754,9.987,3.51,8.201,1.526,3.351,4.426,-0.946,3.312,2.364,3.005,16.552,2024
558,NPL,PCPI,Nepal,"Inflation, average consumer prices",Index,Units,3.311,3.756,4.146,4.735,5.029,5.237,6.067,6.873,7.631,8.247,8.983,9.697,11.739,12.78,13.924,14.993,16.07,17.371,18.818,20.959,21.67,22.198,22.84,23.924,24.872,26.001,28.071,29.812,31.803,35.818,39.244,42.998,46.569,51.167,55.792,60.163,66.133,69.107,71.961,75.288,79.917,82.776,88.05,94.856,100,2024
558,NPL,PCPIPCH,Nepal,"Inflation, average consumer prices",Percent change,Units,9.8,13.447,10.381,14.197,6.214,4.127,15.854,13.285,11.024,8.078,8.926,7.943,21.061,8.871,8.951,7.677,7.179,8.101,8.326,11.379,3.393,2.435,2.896,4.743,3.963,4.539,7.963,6.203,6.677,12.624,9.565,9.566,8.305,9.873,9.039,7.834,9.924,4.497,4.13,4.624,6.148,3.579,6.371,7.73,5.423,2024
558,NPL,PCPIE,Nepal,"Inflation, end of period consumer prices",Index,Units,3.47,3.849,4.286,4.903,4.98,5.324,6.479,7.071,7.705,8.493,8.965,10.322,12.314,13.036,14.22,15.457,16.383,17.312,19.392,21.14,21.266,21.991,22.763,24.149,24.637,26.276,28.449,29.796,32.982,36.639,39.946,43.774,48.797,52.578,56.829,61.954,68.425,70.278,73.495,77.92,81.641,85.059,91.936,98.774,102.299,2024
558,NPL,PCPIEPCH,Nepal,"Inflation, end of period consumer prices",Percent change,Units,n/a,10.9,11.349,14.414,1.565,6.899,21.696,9.14,8.967,10.229,5.561,15.136,19.3,5.861,9.082,8.697,5.993,5.673,12.011,9.017,0.596,3.407,3.51,6.09,2.022,6.65,8.273,4.732,10.695,11.087,9.026,9.582,11.475,7.749,8.084,9.019,10.445,2.709,4.576,6.021,4.776,4.187,8.084,7.438,3.569,2024
138,NLD,PCPI,Netherlands,"Inflation, average consumer prices",Index,Units,47.891,51.148,54.165,55.736,57.631,58.957,58.957,58.367,58.659,59.304,60.787,62.718,64.499,65.558,66.947,67.85,68.831,70.11,71.359,72.813,74.522,78.332,81.351,83.161,84.311,85.568,86.982,88.363,90.319,91.196,92.045,94.319,96.977,99.455,99.774,99.992,100.105,101.4,103.02,105.773,106.943,109.966,122.746,127.8,131.919,2024
138,NLD,PCPIPCH,Netherlands,"Inflation, average consumer prices",Percent change,Units,n/a,6.8,5.9,2.9,3.4,2.3,0,-1,0.5,1.1,2.5,3.178,2.839,1.642,2.118,1.349,1.446,1.858,1.782,2.037,2.347,5.113,3.854,2.225,1.383,1.492,1.652,1.588,2.213,0.971,0.931,2.471,2.818,2.556,0.321,0.218,0.113,1.294,1.598,2.672,1.106,2.827,11.622,4.118,3.223,2024
138,NLD,PCPIE,Netherlands,"Inflation, end of period consumer prices",Index,Units,48.05,51.54,53.746,55.342,56.891,57.83,57.649,57.361,58.052,58.801,61.55,64.08,65.17,66.17,67.47,68.15,69.45,70.97,72.03,73.49,75.75,79.75,82.38,83.69,84.73,86.39,87.86,89.26,90.74,91.37,93.02,95.3,98.45,99.73,99.59,100.04,100.79,102.01,103.84,106.64,107.58,114.52,127.28,128.72,133.91,2024
138,NLD,PCPIEPCH,Netherlands,"Inflation, end of period consumer prices",Percent change,Units,n/a,7.262,4.281,2.969,2.799,1.65,-0.313,-0.5,1.205,1.29,4.676,4.11,1.701,1.534,1.965,1.008,1.908,2.189,1.494,2.027,3.075,5.281,3.298,1.59,1.243,1.959,1.702,1.593,1.658,0.694,1.806,2.451,3.305,1.3,-0.14,0.452,0.75,1.21,1.794,2.696,0.881,6.451,11.142,1.131,4.032,2024
196,NZL,PCPI,New Zealand,"Inflation, average consumer prices",Index,Units,30.458,35.164,40.835,43.874,46.564,53.725,60.828,70.416,74.888,79.168,83.996,86.182,87.057,88.178,89.717,93.086,95.214,96.344,97.563,97.451,100,102.626,105.373,107.221,109.677,113.008,116.811,119.586,124.321,126.951,129.873,135.104,136.536,138.085,139.78,140.19,141.095,143.707,146.004,148.368,150.912,156.86,168.11,177.748,182.944,2024
196,NZL,PCPIPCH,New Zealand,"Inflation, average consumer prices",Percent change,Units,17.079,15.451,16.126,7.445,6.129,15.38,13.221,15.762,6.351,5.716,6.098,2.602,1.015,1.288,1.745,3.755,2.286,1.187,1.265,-0.114,2.615,2.626,2.677,1.754,2.29,3.037,3.365,2.376,3.959,2.116,2.302,4.028,1.06,1.134,1.228,0.293,0.646,1.851,1.598,1.62,1.715,3.941,7.172,5.733,2.923,2024
196,NZL,PCPIE,New Zealand,"Inflation, end of period consumer prices",Index,Units,n/a,n/a,n/a,n/a,n/a,55.057,65.171,71.378,74.742,80.123,84.01,84.832,85.953,87.149,89.589,92.203,94.557,95.341,95.689,96.176,100,101.816,104.589,106.214,109.082,112.524,115.489,119.166,123.188,125.601,130.657,133.07,134.334,136.518,137.552,137.667,139.506,141.73,144.407,147.083,149.197,158.072,169.484,177.374,181.318,2024
196,NZL,PCPIEPCH,New Zealand,"Inflation, end of period consumer prices",Percent change,Units,n/a,n/a,n/a,n/a,n/a,n/a,18.372,9.524,4.712,7.2,4.851,0.979,1.321,1.391,2.8,2.918,2.552,0.83,0.366,0.508,3.976,1.816,2.723,1.554,2.7,3.155,2.635,3.184,3.375,1.959,4.026,1.847,0.95,1.625,0.758,0.084,1.336,1.594,1.889,1.854,1.437,5.949,7.219,4.655,2.224,2024
278,NIC,PCPI,Nicaragua,"Inflation, average consumer prices",Index,Units,--,--,--,--,--,--,--,--,0.005,0.342,10.63,23.025,28.067,31.856,33.035,36.708,40.985,44.751,50.589,56.262,62.758,67.375,69.902,73.609,79.843,87.508,95.506,106.133,127.175,131.864,139.057,150.296,161.108,172.604,183.022,190.338,197.045,204.632,214.756,226.302,234.634,246.197,271.973,294.937,308.61,2024
278,NIC,PCPIPCH,Nicaragua,"Inflation, average consumer prices",Percent change,Units,35.135,23.8,28.5,33.6,141.3,571.4,885.2,"13,109.50","4,775.20","7,428.70","3,004.10",116.6,21.9,13.5,3.7,11.118,11.651,9.189,13.046,11.212,11.547,7.357,3.75,5.302,8.47,9.599,9.14,11.127,19.826,3.687,5.455,8.082,7.194,7.136,6.036,3.997,3.524,3.851,4.947,5.376,3.682,4.928,10.47,8.443,4.636,2024
278,NIC,PCPIE,Nicaragua,"Inflation, end of period consumer prices",Index,Units,n/a,n/a,n/a,n/a,n/a,n/a,n/a,n/a,n/a,n/a,n/a,n/a,n/a,n/a,34.929,38.813,43.511,46.666,55.282,59.258,65.109,68.259,70.902,75.497,82.485,90.389,98.928,115.624,131.551,132.778,145.034,156.565,166.928,176.4,187.831,193.564,199.622,210.957,219.153,232.586,239.402,256.663,286.42,302.47,311.048,2024
278,NIC,PCPIEPCH,Nicaragua,"Inflation, end of period consumer prices",Percent change,Units,n/a,n/a,n/a,n/a,n/a,n/a,n/a,n/a,n/a,n/a,n/a,n/a,n/a,n/a,n/a,11.119,12.103,7.251,18.463,7.193,9.873,4.838,3.873,6.48,9.256,9.583,9.447,16.877,13.774,0.933,9.23,7.95,6.619,5.675,6.48,3.052,3.13,5.678,3.885,6.13,2.931,7.21,11.593,5.604,2.836,2024
692,NER,PCPI,Niger,"Inflation, average consumer prices",Index,Units,34.55,42.946,47.412,48.181,52.234,51.675,49.998,46.679,46.958,46.574,45.631,46.315,43.577,43.435,58.869,65.261,68.745,70.759,73.993,72.469,74.428,77.358,79.296,78.126,78.317,84.434,84.468,84.513,94.072,94.5,95.392,98.187,98.644,100.898,100,100.961,101.142,101.334,104.124,101.5,104.442,108.45,113.033,117.217,127.85,2024
692,NER,PCPIPCH,Niger,"Inflation, average consumer prices",Percent change,Units,7.325,24.3,10.4,1.621,8.412,-1.07,-3.245,-6.638,0.598,-0.818,-2.025,1.499,-5.912,-0.326,35.534,10.858,5.339,2.93,4.571,-2.061,2.704,3.936,2.505,-1.476,0.245,7.81,0.04,0.054,11.31,0.455,0.944,2.93,0.465,2.285,-0.89,0.961,0.179,0.19,2.753,-2.52,2.898,3.838,4.226,3.701,9.072,2024
692,NER,PCPIE,Niger,"Inflation, end of period consumer prices",Index,Units,40.813,50.463,50.275,53.57,53.852,51.169,49.004,49.098,46.838,47.591,46.367,43.166,42.037,43.496,61.149,65.823,68.214,71.02,73.405,72.358,75.508,77.811,78.28,77.096,79.942,83.271,83.545,87.51,99.406,95.132,97.679,99.059,99.76,100.856,100.272,102.408,100.2,101.95,103.6,101.2,104.3,109.4,112.8,120.9,126.5,2024
692,NER,PCPIEPCH,Niger,"Inflation, end of period consumer prices",Percent change,Units,n/a,23.645,-0.373,6.554,0.527,-4.983,-4.231,0.192,-4.603,1.608,-2.572,-6.904,-2.615,3.471,40.585,7.644,3.632,4.114,3.358,-1.426,4.353,3.05,0.602,-1.512,3.691,4.164,0.328,4.746,13.594,-4.299,2.677,1.413,0.707,1.099,-0.579,2.13,-2.156,1.747,1.618,-2.317,3.063,4.89,3.108,7.181,4.632,2024
694,NGA,PCPI,Nigeria,"Inflation, average consumer prices",Index,Units,n/a,n/a,n/a,n/a,n/a,n/a,n/a,n/a,n/a,n/a,n/a,n/a,n/a,n/a,n/a,2.405,3.109,3.441,3.712,3.957,4.232,5.03,5.679,6.475,7.447,8.777,9.498,10.011,11.17,12.571,14.298,15.847,17.788,19.293,20.847,22.725,26.292,30.63,34.335,38.248,43.315,50.658,60.205,75.052,100,2024
694,NGA,PCPIPCH,Nigeria,"Inflation, average consumer prices",Percent change,Units,n/a,n/a,n/a,n/a,n/a,n/a,n/a,n/a,n/a,n/a,n/a,n/a,n/a,n/a,n/a,n/a,29.291,10.673,7.862,6.618,6.938,18.869,12.883,14.033,15.001,17.856,8.218,5.401,11.583,12.542,13.735,10.834,12.246,8.463,8.052,9.009,15.697,16.502,12.095,11.396,13.246,16.953,18.847,24.66,33.242,2024
694,NGA,PCPIE,Nigeria,"Inflation, end of period consumer prices",Index,Units,n/a,n/a,n/a,n/a,n/a,n/a,n/a,n/a,n/a,n/a,n/a,n/a,n/a,n/a,n/a,2.752,3.146,3.467,3.88,3.889,4.454,5.189,5.82,7.206,7.927,8.844,9.595,10.229,11.77,13.415,14.993,16.539,18.521,19.989,21.584,23.646,28.032,32.341,36.041,40.36,46.718,54.018,65.547,84.505,113.909,2024
694,NGA,PCPIEPCH,Nigeria,"Inflation, end of period consumer prices",Percent change,Units,n/a,n/a,n/a,n/a,n/a,n/a,n/a,n/a,n/a,n/a,n/a,n/a,n/a,n/a,n/a,n/a,14.314,10.213,11.913,0.224,14.527,16.495,12.169,23.811,10.008,11.565,8.5,6.607,15.056,13.981,11.765,10.31,11.984,7.927,7.978,9.554,18.547,15.372,11.442,11.982,15.753,15.625,21.344,28.922,34.796,2024
962,MKD,PCPI,North Macedonia,"Inflation, average consumer prices",Index,Units,n/a,n/a,n/a,n/a,n/a,n/a,n/a,n/a,n/a,n/a,n/a,n/a,6.367,27.932,63.288,73.651,75.467,76.444,76.86,75.877,80.89,85.096,86.006,86.742,86.353,86.805,89.596,91.613,99.246,98.513,99.998,103.903,107.35,110.34,110.029,109.699,109.437,110.916,112.533,113.396,114.757,118.464,135.292,147.958,153.136,2024
962,MKD,PCPIPCH,North Macedonia,"Inflation, average consumer prices",Percent change,Units,n/a,n/a,n/a,n/a,n/a,n/a,n/a,n/a,n/a,n/a,n/a,n/a,n/a,338.684,126.583,16.374,2.467,1.294,0.544,-1.279,6.608,5.199,1.07,0.856,-0.449,0.524,3.215,2.251,8.332,-0.739,1.508,3.905,3.317,2.785,-0.282,-0.3,-0.239,1.352,1.458,0.766,1.2,3.231,14.205,9.362,3.5,2024
962,MKD,PCPIE,North Macedonia,"Inflation, end of period consumer prices",Index,Units,n/a,n/a,n/a,n/a,n/a,n/a,n/a,n/a,n/a,n/a,n/a,n/a,n/a,n/a,n/a,75.056,74.493,76.876,75.251,77.729,82.266,85.523,86.213,88.521,86.602,87.548,90.278,95.832,99.715,98.299,101.28,104.1,109.05,110.55,109.9,109.55,109.23,111.89,112.83,113.32,115.87,121.51,144.29,149.52,155.949,2024
962,MKD,PCPIEPCH,North Macedonia,"Inflation, end of period consumer prices",Percent change,Units,n/a,n/a,n/a,n/a,n/a,n/a,n/a,n/a,n/a,n/a,n/a,n/a,n/a,n/a,n/a,n/a,-0.75,3.2,-2.114,3.293,5.836,3.96,0.806,2.677,-2.167,1.092,3.117,6.153,4.052,-1.42,3.032,2.784,4.755,1.376,-0.588,-0.318,-0.292,2.435,0.84,0.434,2.25,4.868,18.747,3.625,4.3,2024
142,NOR,PCPI,Norway,"Inflation, average consumer prices",Index,Units,31.174,35.427,39.444,42.783,45.444,48.041,51.489,55.977,59.714,62.429,65.008,67.243,68.808,70.383,71.351,73.107,74.029,75.93,77.64,79.477,81.929,84.391,85.476,87.603,88.001,89.349,91.431,92.082,95.539,97.638,100,101.285,101.991,104.153,106.28,108.587,112.442,114.551,117.718,120.27,121.817,126.061,133.327,140.684,145.109,2024
142,NOR,PCPIPCH,Norway,"Inflation, average consumer prices",Percent change,Units,10.912,13.643,11.341,8.465,6.218,5.715,7.176,8.717,6.676,4.546,4.131,3.438,2.328,2.288,1.376,2.46,1.263,2.567,2.252,2.366,3.086,3.004,1.287,2.488,0.454,1.532,2.329,0.713,3.754,2.197,2.419,1.285,0.697,2.12,2.042,2.171,3.55,1.875,2.765,2.168,1.287,3.484,5.764,5.518,3.145,2024
142,NOR,PCPIE,Norway,"Inflation, end of period consumer prices",Index,Units,30.1,33.7,37.7,40.4,42.8,45.2,49.2,52.8,55.8,58.2,60.7,62.4,63.8,65,66.2,67.6,68.8,70.4,72.1,74.1,76.3,77.9,80,80.5,81.4,82.9,84.7,87.1,89,90.8,93.3,93.4,94.7,96.6,98.6,100.9,104.4,106.1,109.8,111.3,112.9,118.9,125.9,131.9,134.8,2024
142,NOR,PCPIEPCH,Norway,"Inflation, end of period consumer prices",Percent change,Units,13.477,11.96,11.869,7.162,5.941,5.607,8.85,7.317,5.682,4.301,4.296,2.801,2.244,1.881,1.846,2.115,1.775,2.326,2.415,2.774,2.969,2.097,2.696,0.625,1.118,1.843,2.171,2.834,2.181,2.022,2.753,0.107,1.392,2.006,2.07,2.333,3.469,1.628,3.487,1.366,1.438,5.314,5.887,4.766,2.199,2024
449,OMN,PCPI,Oman,"Inflation, average consumer prices",Index,Units,52.866,56.249,57.677,56.48,52.324,50.247,54.087,55.473,56.354,57.236,62.966,65.862,66.492,67.247,66.807,66.051,66.378,66.14,66.423,66.763,65.964,65.409,65.222,65.343,65.838,67.063,69.212,73.29,82.495,85.413,88.194,91.776,94.475,95.733,96.879,97.016,97.877,99.304,100.003,100.475,100.078,101.744,104.299,105.292,105.914,2024
449,OMN,PCPIPCH,Oman,"Inflation, average consumer prices",Percent change,Units,10.011,6.4,2.538,-2.074,-7.358,-3.971,7.644,2.561,1.589,1.564,10.011,4.6,0.956,1.136,-0.655,-1.131,0.496,-0.36,0.429,0.512,-1.197,-0.841,-0.286,0.185,0.757,1.861,3.204,5.892,12.56,3.537,3.256,4.061,2.941,1.331,1.197,0.142,0.888,1.458,0.704,0.472,-0.395,1.664,2.512,0.952,0.591,2024
449,OMN,PCPIE,Oman,"Inflation, end of period consumer prices",Index,Units,n/a,n/a,n/a,n/a,n/a,n/a,n/a,n/a,n/a,n/a,65.873,67.676,68.384,68.545,67.934,67.715,67.76,67.783,68.102,67.867,67.175,64.392,64.327,64.262,65.559,66.791,69.645,75.416,84.3,85.078,88.644,91.563,95.57,96.32,97.286,97.263,97.981,99.615,100.181,100.671,99.781,103.374,104.922,105.596,106.301,2024
449,OMN,PCPIEPCH,Oman,"Inflation, end of period consumer prices",Percent change,Units,n/a,n/a,n/a,n/a,n/a,n/a,n/a,n/a,n/a,n/a,n/a,2.737,1.047,0.235,-0.892,-0.322,0.067,0.034,0.47,-0.345,-1.02,-4.142,-0.101,-0.101,2.018,1.879,4.272,8.287,11.78,0.923,4.192,3.292,4.377,0.784,1.003,-0.024,0.739,1.667,0.568,0.489,-0.884,3.601,1.497,0.642,0.668,2024
564,PAK,PCPI,Pakistan,"Inflation, average consumer prices",Index,Units,6.195,6.935,7.342,7.815,8.288,8.749,9.053,9.477,10.315,11.128,12.135,13.667,14.33,15.738,17.512,19.793,21.926,24.517,26.431,27.946,28.951,30.224,31.294,32.265,33.739,36.868,39.788,42.882,48.026,57.42,63.224,71.859,79.767,85.638,93.021,97.231,100.016,104.792,109.717,117.18,129.764,141.308,158.481,204.728,252.656,2024
564,PAK,PCPIPCH,Pakistan,"Inflation, average consumer prices",Percent change,Units,11.927,11.949,5.862,6.446,6.056,5.564,3.467,4.692,8.835,7.882,9.051,12.628,4.849,9.828,11.268,13.029,10.774,11.816,7.808,5.732,3.596,4.398,3.54,3.102,4.569,9.275,7.918,7.777,11.996,19.561,10.108,13.658,11.004,7.361,8.621,4.526,2.864,4.775,4.7,6.802,10.739,8.896,12.153,29.181,23.411,2024
564,PAK,PCPIE,Pakistan,"Inflation, end of period consumer prices",Index,Units,5.885,6.499,6.745,7.341,7.591,7.969,8.343,8.734,9.676,10.207,11.617,13.087,14.98,16.42,18.36,20.58,22.69,25.52,27.17,28.17,29.61,30.36,31.71,32.32,35.05,38.11,41.02,43.9,53.35,59.19,66.16,74.96,83.41,88.29,95.55,98.57,101.72,106.53,112.6,121.63,132.08,144.82,175.71,227.37,255.94,2024
564,PAK,PCPIEPCH,Pakistan,"Inflation, end of period consumer prices",Percent change,Units,15.125,10.432,3.793,8.827,3.409,4.976,4.703,4.681,10.788,5.485,13.81,12.659,14.464,9.613,11.815,12.092,10.253,12.472,6.466,3.681,5.112,2.533,4.447,1.924,8.447,8.73,7.636,7.021,21.526,10.947,11.776,13.301,11.273,5.851,8.223,3.161,3.196,4.729,5.698,8.02,8.592,9.646,21.33,29.401,12.565,2024
565,PLW,PCPI,Palau,"Inflation, average consumer prices",Index,Units,n/a,n/a,n/a,n/a,n/a,n/a,n/a,n/a,n/a,n/a,n/a,n/a,n/a,n/a,n/a,n/a,n/a,n/a,n/a,n/a,65.658,65.181,65.003,65.424,65.775,68.115,71.003,73.147,80.411,84.177,85.097,87.338,92.088,94.708,98.461,100.626,99.282,100.375,102.825,103.275,104,103.5,117.146,131.692,136.446,2023
565,PLW,PCPIPCH,Palau,"Inflation, average consumer prices",Percent change,Units,n/a,n/a,n/a,n/a,n/a,n/a,n/a,n/a,n/a,n/a,n/a,n/a,n/a,n/a,n/a,n/a,n/a,n/a,n/a,n/a,n/a,-0.726,-0.273,0.647,0.537,3.558,4.239,3.02,9.931,4.683,1.094,2.633,5.439,2.845,3.962,2.199,-1.336,1.101,2.441,0.438,0.702,-0.481,13.184,12.417,3.61,2023
565,PLW,PCPIE,Palau,"Inflation, end of period consumer prices",Index,Units,n/a,n/a,n/a,n/a,n/a,n/a,n/a,n/a,n/a,n/a,n/a,n/a,n/a,n/a,n/a,n/a,n/a,n/a,n/a,n/a,66.48,64.902,65.126,65.576,66.117,69.564,72.28,74.175,86.61,84.472,85.549,90.747,92.258,95.674,99.348,99.645,100,100.7,103.6,103.3,103.9,108.7,123.61,134.706,137.8,2023
565,PLW,PCPIEPCH,Palau,"Inflation, end of period consumer prices",Percent change,Units,n/a,n/a,n/a,n/a,n/a,n/a,n/a,n/a,n/a,n/a,n/a,n/a,n/a,n/a,n/a,n/a,n/a,n/a,n/a,n/a,n/a,-2.374,0.346,0.691,0.824,5.214,3.904,2.621,16.764,-2.468,1.274,6.076,1.665,3.703,3.839,0.299,0.356,0.7,2.88,-0.29,0.581,4.62,13.717,8.977,2.297,2023
283,PAN,PCPI,Panama,"Inflation, average consumer prices",Index,Units,49.418,53.026,55.28,56.442,57.335,57.924,57.885,58.462,58.672,58.74,59.192,60.108,61.16,61.453,62.271,62.856,63.65,64.449,64.854,65.697,66.647,66.856,67.524,67.563,67.884,69.825,71.542,74.524,81.051,83.004,85.902,90.949,96.131,100.003,102.626,102.767,103.527,104.433,105.229,104.855,103.229,104.913,107.913,109.517,110.387,2023
283,PAN,PCPIPCH,Panama,"Inflation, average consumer prices",Percent change,Units,13.808,7.3,4.251,2.103,1.583,1.027,-0.066,0.996,0.359,0.116,0.769,1.547,1.751,0.478,1.332,0.939,1.264,1.255,0.628,1.3,1.446,0.314,0.998,0.058,0.475,2.86,2.458,4.169,8.759,2.409,3.491,5.876,5.698,4.027,2.623,0.137,0.74,0.876,0.762,-0.355,-1.55,1.631,2.86,1.486,0.794,2023
283,PAN,PCPIE,Panama,"Inflation, end of period consumer prices",Index,Units,51.536,53.221,55.487,56.649,57.475,58.007,58.221,58.475,58.973,59.142,59.435,59.903,60.891,61.472,62.285,62.808,64.261,63.97,64.842,65.829,66.294,66.294,67.456,67.321,68.402,70.697,72.251,76.842,82.041,83.595,87.713,93.25,97.572,101.218,102.2,102.5,104,104.5,104.666,104.599,102.951,105.653,107.845,109.917,109.705,2023
283,PAN,PCPIEPCH,Panama,"Inflation, end of period consumer prices",Percent change,Units,15.495,3.269,4.258,2.094,1.457,0.926,0.369,0.436,0.851,0.287,0.496,0.787,1.649,0.954,1.323,0.84,2.313,-0.452,1.362,1.523,0.706,0,1.753,-0.2,1.605,3.356,2.197,6.355,6.766,1.893,4.927,6.313,4.634,3.737,0.97,0.294,1.463,0.481,0.158,-0.064,-1.575,2.624,2.075,1.921,-0.193,2023
853,PNG,PCPI,Papua New Guinea,"Inflation, average consumer prices",Index,Units,11.314,12.225,12.902,13.921,14.954,15.509,16.355,16.901,17.821,18.62,19.914,21.302,22.22,23.326,23.99,28.136,31.409,32.647,37.084,42.621,49.268,53.849,60.203,69.059,70.55,71.806,73.507,74.176,82.163,87.843,92.325,96.425,100.8,105.8,111.325,118,125.875,132.7,138.554,143.946,150.959,157.727,166.013,169.829,170.825,2022
853,PNG,PCPIPCH,Papua New Guinea,"Inflation, average consumer prices",Percent change,Units,12.064,8.054,5.535,7.902,7.421,3.71,5.454,3.337,5.445,4.48,6.953,6.966,4.31,4.977,2.849,17.281,11.632,3.943,13.59,14.932,15.596,9.298,11.799,14.709,2.159,1.781,2.368,0.911,10.767,6.913,5.102,4.441,4.537,4.96,5.222,5.996,6.674,5.422,4.412,3.892,4.872,4.483,5.253,2.299,0.586,2022
853,PNG,PCPIE,Papua New Guinea,"Inflation, end of period consumer prices",Index,Units,n/a,n/a,n/a,14.518,15.155,15.813,16.649,17.147,18.441,18.775,20.444,21.608,22.682,23.774,25.325,30.062,31.65,33.337,40.609,45.968,50.552,55.785,64.049,69.453,71.104,74.461,73.757,76.148,84.714,89.519,93.9,98,103.7,106.7,113.8,121,129,135.063,141.546,145.417,152.893,161.599,167.113,173.565,174.731,2022
853,PNG,PCPIEPCH,Papua New Guinea,"Inflation, end of period consumer prices",Percent change,Units,n/a,n/a,n/a,n/a,4.39,4.336,5.29,2.99,7.549,1.81,8.89,5.693,4.969,4.813,6.528,18.703,5.282,5.331,21.813,13.197,9.971,10.352,14.815,8.438,2.377,4.72,-0.945,3.242,11.249,5.672,4.894,4.366,5.816,2.893,6.654,6.327,6.612,4.7,4.8,2.735,5.141,5.694,3.412,3.861,0.672,2022
288,PRY,PCPI,Paraguay,"Inflation, average consumer prices",Index,Units,1.402,1.595,1.681,1.896,2.293,2.863,3.771,4.588,5.624,7.063,9.759,12.128,13.96,16.511,19.912,22.577,24.789,26.512,29.575,31.572,34.408,36.925,40.792,46.6,48.608,51.925,56.892,61.525,67.792,69.558,72.783,78.783,81.692,83.867,88.083,90.842,94.55,97.967,101.858,104.667,106.517,111.617,122.517,128.192,133.108,2024
288,PRY,PCPIPCH,Paraguay,"Inflation, average consumer prices",Percent change,Units,22.535,13.793,5.374,12.807,20.938,24.845,31.697,21.658,22.594,25.592,38.162,24.275,15.105,18.277,20.596,13.387,9.798,6.95,11.554,6.751,8.984,7.314,10.472,14.239,4.31,6.823,9.565,8.144,10.186,2.606,4.636,8.244,3.692,2.662,5.028,3.132,4.082,3.614,3.972,2.757,1.768,4.788,9.766,4.632,3.835,2024
288,PRY,PCPIE,Paraguay,"Inflation, end of period consumer prices",Index,Units,0.824,1.058,1.359,1.745,2.242,2.879,3.698,4.75,6.101,7.836,11.289,12.626,14.87,17.9,21.174,23.405,25.319,26.888,30.826,32.491,35.3,38.2,43.8,47.9,49.2,54.1,60.8,64.5,69.3,70.6,75.7,79.4,82.6,85.7,89.3,92.1,95.7,100,103.2,106.1,108.4,115.8,125.2,129.8,134.7,2024
288,PRY,PCPIEPCH,Paraguay,"Inflation, end of period consumer prices",Percent change,Units,28.442,28.442,28.442,28.442,28.442,28.442,28.442,28.442,28.442,28.442,44.064,11.84,17.775,20.37,18.296,10.533,8.176,6.199,14.644,5.404,8.644,8.215,14.66,9.361,2.714,9.959,12.384,6.086,7.442,1.876,7.224,4.888,4.03,3.753,4.201,3.135,3.909,4.493,3.2,2.81,2.168,6.827,8.117,3.674,3.775,2024
293,PER,PCPI,Peru,"Inflation, average consumer prices",Index,Units,--,--,--,--,--,--,--,--,0.001,0.029,2.216,11.29,19.592,29.109,36.018,40.027,44.65,48.466,51.982,53.786,55.807,56.91,57.019,58.308,60.443,61.421,62.65,63.764,67.455,69.435,70.497,72.872,75.536,77.656,80.176,83.021,86.004,88.416,89.58,91.493,93.165,96.872,104.496,111.047,113.657,2024
293,PER,PCPIPCH,Peru,"Inflation, average consumer prices",Percent change,Units,59.145,75.433,64.46,111.149,110.209,163.398,77.921,85.846,666.955,"3,398.27","7,481.69",409.529,73.529,48.58,23.734,11.131,11.549,8.547,7.255,3.469,3.759,1.975,0.192,2.261,3.662,1.618,2.001,1.779,5.788,2.935,1.529,3.369,3.656,2.807,3.245,3.548,3.593,2.804,1.317,2.136,1.827,3.979,7.871,6.269,2.351,2024
293,PER,PCPIE,Peru,"Inflation, end of period consumer prices",Index,Units,n/a,--,--,--,--,--,--,--,0.003,0.081,6.274,15.01,23.525,32.813,37.861,41.734,46.675,49.692,52.676,54.639,56.68,56.608,57.466,58.893,60.943,61.854,62.557,65.014,69.338,69.508,70.949,74.316,76.281,78.462,80.996,84.555,87.291,88.482,90.422,92.14,93.958,99.997,108.457,111.968,114.17,2024
293,PER,PCPIEPCH,Peru,"Inflation, end of period consumer prices",Percent change,Units,n/a,n/a,72.95,125.072,111.458,158.257,62.898,114.534,"1,722.05","2,775.30","7,649.73",139.23,56.734,39.48,15.383,10.228,11.84,6.463,6.007,3.727,3.734,-0.127,1.516,2.484,3.481,1.494,1.138,3.928,6.65,0.245,2.073,4.747,2.644,2.858,3.23,4.394,3.235,1.365,2.193,1.9,1.973,6.427,8.46,3.237,1.966,2024
566,PHL,PCPI,Philippines,"Inflation, average consumer prices",Index,Units,6.258,7.076,7.712,8.117,11.905,14.669,14.621,15.066,16.909,18.831,21.317,25.442,27.625,29.492,33.175,35.467,38.408,40.558,44.358,47.108,50.192,52.9,54.358,55.567,58.233,62.1,65.483,67.392,72.925,76.017,78.858,82.6,85.208,87.417,90.558,91.183,92.308,94.942,99.983,102.375,104.825,108.942,115.283,122.175,126.1,2024
566,PHL,PCPIPCH,Philippines,"Inflation, average consumer prices",Percent change,Units,18.201,13.083,8.979,5.252,46.673,23.215,-0.325,3.042,12.23,11.367,13.201,19.351,8.582,6.757,12.489,6.908,8.294,5.598,9.369,6.2,6.545,5.396,2.757,2.223,4.799,6.64,5.448,2.914,8.211,4.24,3.738,4.745,3.158,2.592,3.594,0.69,1.234,2.853,5.31,2.392,2.393,3.927,5.821,5.978,3.213,2024
566,PHL,PCPIE,Philippines,"Inflation, end of period consumer prices",Index,Units,6.456,7.511,8.118,9.184,13.852,14.635,14.586,15.614,17.107,19.716,23.3,26.4,28.4,30.4,33.7,36.5,39.2,41.7,45.9,47.7,51.8,53.7,54.8,56.1,60.1,63.7,66.4,68.7,74.1,77.4,80.2,83.6,86,89.2,90.9,91.6,93.6,96.3,101.4,103.8,107.2,110.5,119.4,124.1,127.7,2024
566,PHL,PCPIEPCH,Philippines,"Inflation, end of period consumer prices",Percent change,Units,15.429,16.337,8.085,13.126,50.826,5.656,-0.336,7.047,9.566,15.248,18.178,13.305,7.576,7.042,10.855,8.309,7.397,6.378,10.072,3.922,8.595,3.668,2.048,2.372,7.13,5.99,4.239,3.464,7.86,4.453,3.618,4.239,2.871,3.721,1.906,0.77,2.183,2.885,5.296,2.367,3.276,3.078,8.054,3.936,2.901,2024
964,POL,PCPI,Poland,"Inflation, average consumer prices",Index,Units,0.034,0.041,0.083,0.101,0.178,0.205,0.241,0.302,0.484,1.7,11.656,19.85,28.386,38.406,50.773,64.926,77.846,89.445,100,107.3,118.137,124.635,127.003,127.936,132.463,135.39,137.01,140.397,146.492,152.037,155.975,162.567,168.625,170.509,170.688,169.111,167.965,171.272,174.299,178.251,184.375,193.832,221.379,246.775,255.962,2024
964,POL,PCPIPCH,Poland,"Inflation, average consumer prices",Percent change,Units,9.4,21.207,100.83,22.118,75.649,15.107,17.793,25.23,60.2,251.1,585.8,70.3,43,35.3,32.2,27.875,19.9,14.9,11.8,7.3,10.1,5.5,1.9,0.735,3.538,2.21,1.197,2.472,4.342,3.785,2.59,4.226,3.727,1.117,0.105,-0.924,-0.677,1.969,1.767,2.268,3.435,5.129,14.212,11.472,3.723,2024
964,POL,PCPIE,Poland,"Inflation, end of period consumer prices",Index,Units,n/a,n/a,n/a,n/a,0.77,2.98,2.34,3.62,5.73,7.32,13.654,21.894,31.622,43.538,56.451,68.644,81.344,92.081,100,109.801,119.134,123.423,124.411,126.526,132.093,133.017,134.88,140.275,144.904,149.976,154.625,161.738,165.619,166.779,165.111,164.285,165.6,169.077,170.937,176.749,180.991,196.556,229.184,243.394,254.833,2024
964,POL,PCPIEPCH,Poland,"Inflation, end of period consumer prices",Percent change,Units,n/a,n/a,n/a,n/a,n/a,287.013,-21.477,54.701,58.287,27.747,86.538,60.345,44.432,37.683,29.658,21.6,18.5,13.2,8.6,9.801,8.5,3.6,0.8,1.7,4.4,0.7,1.4,4,3.3,3.5,3.1,4.6,2.4,0.7,-1,-0.5,0.8,2.1,1.1,3.4,2.4,8.6,16.6,6.2,4.7,2024
182,PRT,PCPI,Portugal,"Inflation, average consumer prices",Index,Units,9.447,11.445,14.047,17.573,22.722,27.116,30.279,33.126,36.299,40.877,46.343,51.639,56.215,59.549,62.509,64.99,66.898,68.163,69.673,71.184,73.181,76.408,79.236,81.801,83.854,85.64,88.248,90.386,92.783,91.945,93.224,96.538,99.218,99.654,99.495,100,100.636,102.202,103.395,103.705,103.579,104.554,113.026,118.976,122.153,2024
182,PRT,PCPIPCH,Portugal,"Inflation, average consumer prices",Percent change,Units,5.862,21.152,22.73,25.106,29.3,19.335,11.666,9.402,9.58,12.611,13.37,11.428,8.863,5.93,4.971,3.969,2.936,1.89,2.215,2.17,2.805,4.41,3.701,3.237,2.51,2.13,3.046,2.422,2.652,-0.903,1.391,3.554,2.776,0.44,-0.16,0.508,0.636,1.556,1.168,0.3,-0.121,0.941,8.103,5.264,2.67,2024
182,PRT,PCPIE,Portugal,"Inflation, end of period consumer prices",Index,Units,10.088,12.65,15.052,20.096,24.42,28.503,31.465,34.268,38.351,42.755,48.759,53.305,57.595,60.998,63.361,65.51,67.37,68.77,70.71,71.91,74.66,77.58,80.7,82.54,84.66,86.81,89,91.44,92.21,92.08,94.33,97.63,99.67,99.84,99.57,99.86,100.74,102.37,103.02,103.4,103.1,105.97,116.36,118.56,122.24,2024
182,PRT,PCPIEPCH,Portugal,"Inflation, end of period consumer prices",Percent change,Units,13.163,25.397,18.987,33.511,21.514,16.721,10.393,8.906,11.916,11.482,14.045,9.323,8.048,5.908,3.873,3.392,2.839,2.078,2.821,1.697,3.824,3.911,4.022,2.28,2.568,2.54,2.523,2.742,0.842,-0.141,2.444,3.498,2.09,0.171,-0.27,0.291,0.881,1.618,0.635,0.369,-0.29,2.784,9.805,1.891,3.104,2024
359,PRI,PCPI,Puerto Rico,"Inflation, average consumer prices",Index,Units,54.91,60.11,62.06,62.27,63.35,63.484,63.334,64.65,66.316,68.194,71.173,72.766,73.847,74.561,75.633,77.081,79.634,81.136,81.184,81.729,84.244,84.735,84.896,86.074,88.257,93.209,98.041,102.186,107.51,107.809,110.476,113.679,115.209,116.431,117.09,116.211,115.87,117.9,119.4,119.5,118.906,121.772,129.1,133.59,135.718,2023
359,PRI,PCPIPCH,Puerto Rico,"Inflation, average consumer prices",Percent change,Units,n/a,9.47,3.244,0.338,1.734,0.212,-0.236,2.078,2.577,2.832,4.368,2.238,1.486,0.967,1.438,1.915,3.312,1.886,0.059,0.671,3.077,0.583,0.19,1.388,2.536,5.611,5.184,4.228,5.21,0.278,2.474,2.899,1.346,1.061,0.566,-0.751,-0.294,1.752,1.272,0.084,-0.497,2.41,6.018,3.478,1.593,2023
359,PRI,PCPIE,Puerto Rico,"Inflation, end of period consumer prices",Index,Units,57.13,61.37,62.21,62.84,63.26,63.369,63.684,65.444,67.301,69.122,73.012,73.66,74.47,74.424,76.046,78.019,81.062,81.361,81.211,82.476,85.387,83.714,85.646,86.109,90.363,95.676,100,104.248,105.666,109.792,110.371,113.976,115.289,116.224,116.305,116.12,116.646,118,118.672,119.3,119.202,124.157,131.7,134.262,137.175,2023
359,PRI,PCPIEPCH,Puerto Rico,"Inflation, end of period consumer prices",Percent change,Units,n/a,7.422,1.369,1.013,0.668,0.172,0.497,2.764,2.838,2.706,5.628,0.888,1.1,-0.062,2.179,2.594,3.9,0.369,-0.184,1.558,3.53,-1.959,2.308,0.541,4.94,5.88,4.519,4.248,1.36,3.905,0.527,3.266,1.152,0.811,0.07,-0.159,0.453,1.161,0.569,0.529,-0.082,4.157,6.075,1.945,2.169,2023
453,QAT,PCPI,Qatar,"Inflation, average consumer prices",Index,Units,27.832,30.187,31.907,32.768,33.142,33.516,34.152,35.685,37.406,38.641,39.804,41.6,42.797,42.498,43.097,44.393,47.486,48.783,50.18,51.277,52.075,52.973,53.1,54.3,58,63.2,70.6,80.3,92.4,87.9,85.8,87.5,89.1,91.9,95.8,96.7,99.3,99.9,100,99.1,96.6,98.8,103.7,106.9,108.048,2023
453,QAT,PCPIPCH,Qatar,"Inflation, average consumer prices",Percent change,Units,6.838,8.46,5.7,2.696,1.142,1.129,1.897,4.491,4.822,3.3,3.012,4.511,2.878,-0.699,1.408,3.009,6.966,2.731,2.863,2.187,1.556,1.724,0.24,2.26,6.814,8.966,11.709,13.739,15.068,-4.87,-2.389,1.981,1.829,3.143,4.244,0.939,2.689,0.604,0.1,-0.9,-2.523,2.277,4.96,3.086,1.073,2023
453,QAT,PCPIE,Qatar,"Inflation, end of period consumer prices",Index,Units,n/a,n/a,n/a,n/a,n/a,n/a,n/a,n/a,n/a,n/a,n/a,n/a,n/a,n/a,n/a,n/a,n/a,n/a,n/a,n/a,n/a,n/a,n/a,n/a,n/a,n/a,n/a,n/a,n/a,85.5,85.84,87.66,89.97,92.21,94.79,98.33,99.8,100.39,99.69,99.28,95.93,102.14,108.2,109.98,108.18,2023
453,QAT,PCPIEPCH,Qatar,"Inflation, end of period consumer prices",Percent change,Units,n/a,n/a,n/a,n/a,n/a,n/a,n/a,n/a,n/a,n/a,n/a,n/a,n/a,n/a,n/a,n/a,n/a,n/a,n/a,n/a,n/a,n/a,n/a,n/a,n/a,n/a,n/a,n/a,n/a,n/a,0.398,2.12,2.635,2.49,2.798,3.735,1.495,0.591,-0.697,-0.411,-3.374,6.473,5.933,1.645,-1.637,2023
968,ROU,PCPI,Romania,"Inflation, average consumer prices",Index,Units,0.01,0.01,0.012,0.012,0.012,0.012,0.012,0.013,0.013,0.013,0.03,0.077,0.24,0.854,2.023,2.675,3.714,9.461,15.053,21.948,31.97,42.985,52.656,60.75,67.951,74.064,78.945,82.762,89.255,94.239,100,105.795,109.328,113.703,114.926,114.241,112.465,113.977,119.254,123.816,127.092,133.506,151.93,167.726,177.092,2024
968,ROU,PCPIPCH,Romania,"Inflation, average consumer prices",Percent change,Units,1.523,2.2,16.928,4.686,-0.32,-0.2,0.7,1.1,2.6,0.9,127.9,161.121,210.386,256.105,136.742,32.272,38.809,154.763,59.097,45.804,45.667,34.454,22.498,15.37,11.855,8.995,6.591,4.834,7.846,5.584,6.113,5.795,3.339,4.002,1.076,-0.596,-1.555,1.344,4.631,3.825,2.646,5.046,13.8,10.397,5.584,2024
968,ROU,PCPIE,Romania,"Inflation, end of period consumer prices",Index,Units,n/a,n/a,n/a,n/a,n/a,n/a,n/a,n/a,n/a,n/a,0.039,0.125,0.375,1.482,2.396,3.061,4.803,12.076,16.976,26.28,36.979,48.144,56.757,64.84,70.778,76.948,80.702,85.997,91.415,95.758,103.398,106.637,111.93,113.686,114.627,113.542,112.936,116.686,120.491,125.367,127.959,138.436,161.099,171.742,182.215,2024
968,ROU,PCPIEPCH,Romania,"Inflation, end of period consumer prices",Percent change,Units,n/a,n/a,n/a,n/a,n/a,n/a,n/a,n/a,n/a,n/a,n/a,222.803,199.213,295.481,61.739,27.75,56.9,151.42,40.57,54.81,40.71,30.193,17.89,14.241,9.158,8.717,4.879,6.561,6.3,4.751,7.978,3.133,4.964,1.569,0.828,-0.947,-0.534,3.32,3.261,4.047,2.068,8.188,16.371,6.606,6.098,2024
922,RUS,PCPI,Russia,"Inflation, average consumer prices",Index,Units,n/a,n/a,n/a,n/a,n/a,n/a,n/a,n/a,n/a,n/a,n/a,n/a,0.035,0.345,1.406,4.179,6.174,7.085,9.047,16.804,20.299,24.659,28.552,32.454,35.987,40.553,44.473,48.479,55.32,61.763,65.994,71.564,75.196,80.274,86.554,100,107.042,110.985,114.18,119.284,123.318,131.573,149.664,158.434,171.811,2024
922,RUS,PCPIPCH,Russia,"Inflation, average consumer prices",Percent change,Units,n/a,n/a,n/a,n/a,n/a,n/a,n/a,n/a,n/a,n/a,n/a,n/a,n/a,874.255,307.547,197.3,47.752,14.761,27.686,85.746,20.799,21.477,15.789,13.663,10.889,12.685,9.669,9.007,14.111,11.647,6.849,8.44,5.075,6.754,7.823,15.534,7.042,3.683,2.878,4.47,3.382,6.694,13.75,5.859,8.444,2024
922,RUS,PCPIE,Russia,"Inflation, end of period consumer prices",Index,Units,n/a,n/a,n/a,n/a,n/a,n/a,n/a,n/a,n/a,n/a,n/a,n/a,0.076,0.716,2.253,5.213,6.35,7.05,13.003,17.757,21.344,25.31,29.121,32.612,36.441,40.419,44.055,49.284,55.829,60.74,66.071,70.102,74.712,79.531,88.568,100,105.375,108.034,112.646,116.077,121.779,132,147.739,158.696,173.794,2024
922,RUS,PCPIEPCH,Russia,"Inflation, end of period consumer prices",Percent change,Units,n/a,n/a,n/a,n/a,n/a,n/a,n/a,n/a,n/a,n/a,n/a,n/a,n/a,840.056,214.768,131.326,21.812,11.032,84.436,36.558,20.2,18.584,15.056,11.988,11.741,10.915,8.996,11.869,13.282,8.797,8.777,6.101,6.576,6.45,11.362,12.908,5.375,2.523,4.269,3.046,4.912,8.393,11.923,7.417,9.514,2024
714,RWA,PCPI,Rwanda,"Inflation, average consumer prices",Index,Units,6.797,7.235,8.147,8.687,9.153,9.311,9.209,9.59,9.87,9.972,10.391,12.428,13.608,15.305,18.519,28.883,32.693,36.536,38.897,37.956,39.44,40.765,41.572,44.667,50.019,54.581,59.401,64.795,74.8,82.536,84.45,89.233,94.842,98.842,100.592,103.142,109.042,114.301,115.85,118.65,127.825,128.883,146.775,167.366,175.348,2023
714,RWA,PCPIPCH,Rwanda,"Inflation, average consumer prices",Percent change,Units,7.195,6.438,12.613,6.629,5.359,1.729,-1.1,4.146,2.913,1.038,4.202,19.6,9.5,12.468,20.996,55.967,13.193,11.755,6.462,-2.419,3.908,3.359,1.981,7.445,11.98,9.122,8.831,9.081,15.44,10.343,2.319,5.664,6.285,4.218,1.771,2.535,5.72,4.823,1.355,2.417,7.733,0.828,13.882,14.029,4.769,2023
714,RWA,PCPIE,Rwanda,"Inflation, end of period consumer prices",Index,Units,7.172,7.395,8.758,8.915,9.443,9.263,9.482,9.757,9.981,10.053,10.661,12.944,14.82,15.936,22.686,31.919,34.71,40.474,38.063,38.812,41.111,41.021,43.55,46.893,51.7,54.599,61.226,65.254,79.821,84.4,84.6,91.6,95.2,98.6,100.7,105.3,113,113.707,115,122.7,127.3,129.7,157.8,167.936,179.32,2023
714,RWA,PCPIEPCH,Rwanda,"Inflation, end of period consumer prices",Percent change,Units,n/a,3.108,18.428,1.792,5.924,-1.898,2.362,2.895,2.293,0.728,6.048,21.408,14.495,7.536,42.351,40.7,8.743,16.606,-5.956,1.967,5.924,-0.219,6.165,7.677,10.25,5.608,12.138,6.579,22.323,5.737,0.237,8.274,3.93,3.571,2.13,4.568,7.312,0.626,1.137,6.696,3.749,1.885,21.665,6.423,6.779,2023
862,WSM,PCPI,Samoa,"Inflation, average consumer prices",Index,Units,12.768,15.387,18.203,21.199,23.713,25.869,26.563,29.527,30.47,34.202,37.104,36.428,39.72,40.399,45.281,43.956,46.338,49.535,52.21,52.405,52.318,53.308,57.269,59.769,64.459,69.5,71.746,74.962,79.659,91.323,91.14,93.76,99.565,99.358,98.129,100.015,100.089,101.436,105.172,107.475,109.065,105.782,115.034,128.817,133.435,2024
862,WSM,PCPIPCH,Samoa,"Inflation, average consumer prices",Percent change,Units,33.05,20.51,18.3,16.46,11.86,9.091,2.682,11.161,3.192,12.25,8.483,-1.82,9.034,1.709,12.087,-2.926,5.418,6.9,5.4,0.373,-0.165,1.891,7.43,4.367,7.847,7.821,3.231,4.482,6.267,14.642,-0.201,2.875,6.191,-0.207,-1.238,1.923,0.073,1.346,3.683,2.189,1.48,-3.01,8.747,11.981,3.586,2024
862,WSM,PCPIE,Samoa,"Inflation, end of period consumer prices",Index,Units,n/a,n/a,n/a,n/a,n/a,27.359,28.092,31.228,32.224,36.172,39.213,39.437,42.109,43.949,46.661,47.459,50.172,52.088,53.205,52.894,54.347,54.977,60.403,60.403,69.661,70.394,71.861,77.635,84.51,92.942,92.667,95.325,100.55,98.808,98.992,99.358,101.6,102.633,108.567,108.473,104.913,109.193,121,133.9,135.009,2024
862,WSM,PCPIEPCH,Samoa,"Inflation, end of period consumer prices",Percent change,Units,n/a,n/a,n/a,n/a,n/a,n/a,2.682,11.161,3.192,12.25,8.407,0.57,6.776,4.371,6.17,1.71,5.717,3.818,2.145,-0.585,2.748,1.16,9.869,0,15.326,1.053,2.083,8.036,8.855,9.978,-0.296,2.868,5.481,-1.732,0.186,0.37,2.256,1.017,5.782,-0.087,-3.282,4.08,10.813,10.661,0.829,2024
135,SMR,PCPI,San Marino,"Inflation, average consumer prices",Index,Units,n/a,n/a,n/a,n/a,n/a,n/a,n/a,n/a,n/a,n/a,n/a,n/a,n/a,n/a,n/a,n/a,n/a,n/a,n/a,n/a,n/a,n/a,77.305,78.338,79.457,80.798,82.491,84.532,87.995,90.122,92.297,94.308,96.974,98.53,99.626,99.772,100.414,101.433,102.613,103.098,102.96,104.623,110.195,116.73,118.182,2023
135,SMR,PCPIPCH,San Marino,"Inflation, average consumer prices",Percent change,Units,n/a,n/a,n/a,n/a,n/a,n/a,n/a,n/a,n/a,n/a,n/a,n/a,n/a,n/a,n/a,n/a,n/a,n/a,n/a,n/a,n/a,n/a,n/a,1.337,1.429,1.687,2.095,2.475,4.096,2.417,2.413,2.179,2.827,1.604,1.113,0.146,0.644,1.014,1.163,0.473,-0.133,1.616,5.325,5.93,1.244,2023
135,SMR,PCPIE,San Marino,"Inflation, end of period consumer prices",Index,Units,n/a,n/a,n/a,n/a,n/a,n/a,n/a,n/a,n/a,n/a,n/a,n/a,n/a,n/a,n/a,n/a,n/a,n/a,n/a,n/a,n/a,n/a,n/a,79.025,79.884,81.402,83.036,86.372,89.098,90.847,93.255,95.436,97.851,99.278,99.768,100,100.83,101.88,102.68,103.19,102.8,106.11,113.86,117.32,119.18,2023
135,SMR,PCPIEPCH,San Marino,"Inflation, end of period consumer prices",Percent change,Units,n/a,n/a,n/a,n/a,n/a,n/a,n/a,n/a,n/a,n/a,n/a,n/a,n/a,n/a,n/a,n/a,n/a,n/a,n/a,n/a,n/a,n/a,n/a,n/a,1.087,1.9,2.007,4.019,3.155,1.964,2.65,2.339,2.531,1.458,0.494,0.232,0.83,1.041,0.785,0.497,-0.378,3.22,7.304,3.039,1.585,2023
716,STP,PCPI,São Tomé and Príncipe,"Inflation, average consumer prices",Index,Units,0.129,0.144,0.144,0.154,0.159,0.159,0.182,0.227,0.328,0.468,0.666,0.975,1.304,1.636,2.473,3.383,4.806,8.124,11.545,12.816,14.227,15.539,17.113,18.789,21.285,24.936,30.69,36.383,48.022,56.165,63.657,72.773,80.515,87.042,93.124,98.833,104.177,110.104,118.772,127.937,140.5,151.934,179.291,217.272,248.595,2024
716,STP,PCPIPCH,São Tomé and Príncipe,"Inflation, average consumer prices",Percent change,Units,0.216,11.483,0.4,7,3.2,0.1,13.9,25,44.277,42.886,42.248,46.48,33.697,25.5,51.16,36.8,42.047,69.049,42.105,11.011,11.011,9.219,10.13,9.793,13.285,17.152,23.075,18.55,31.991,16.957,13.339,14.321,10.638,8.106,6.988,6.13,5.407,5.69,7.873,7.716,9.82,8.138,18.006,21.184,14.416,2024
716,STP,PCPIE,São Tomé and Príncipe,"Inflation, end of period consumer prices",Index,Units,0.12,0.133,0.134,0.143,0.148,0.148,0.169,0.211,0.298,0.431,0.605,0.924,1.176,1.561,2.738,3.748,5.687,10.263,12.403,13.594,14.899,16.302,17.775,19.548,22.528,26.401,32.886,41.949,52.367,60.792,68.628,76.821,84.816,90.867,96.706,100.752,105.913,114.058,124.374,133.918,146.443,160.341,200.717,235.123,262.32,2024
716,STP,PCPIEPCH,São Tomé and Príncipe,"Inflation, end of period consumer prices",Percent change,Units,n/a,11.483,0.4,7,3.2,0.1,13.9,25,41.2,44.8,40.4,52.687,27.335,32.698,75.409,36.901,51.716,80.473,20.846,9.6,9.6,9.422,9.031,9.976,15.244,17.195,24.562,27.559,24.834,16.087,12.89,11.939,10.406,7.134,6.426,4.183,5.123,7.69,9.045,7.674,9.353,9.49,25.181,17.142,11.567,2024
456,SAU,PCPI,Saudi Arabia,"Inflation, average consumer prices",Index,Units,65.872,68.237,69.51,69.91,69.437,67.833,65.716,64.143,63.918,64.693,64.01,66.493,65.81,66.627,67.535,71.003,71.195,71.02,70.72,69.218,68.502,67.735,67.81,68.135,68.335,68.727,70.035,73.52,78.02,81.345,84.353,87.512,90.02,93.198,95.282,96.431,98.426,97.601,100,97.907,101.28,104.383,106.965,109.454,111.302,2024
456,SAU,PCPIPCH,Saudi Arabia,"Inflation, average consumer prices",Percent change,Units,4.402,3.589,1.866,0.576,-0.676,-2.309,-3.121,-2.394,-0.35,1.212,-1.056,3.88,-1.028,1.241,1.363,5.136,0.27,-0.246,-0.422,-2.123,-1.035,-1.119,0.111,0.479,0.294,0.573,1.904,4.976,6.121,4.262,3.698,3.744,2.866,3.53,2.236,1.206,2.069,-0.838,2.458,-2.093,3.445,3.063,2.474,2.327,1.688,2024
456,SAU,PCPIE,Saudi Arabia,"Inflation, end of period consumer prices",Index,Units,64.048,65.848,66.471,66.61,65.571,63.557,61.541,60.563,61.113,61.724,63.007,65.88,65.635,66.185,66.613,69.974,70.585,70.28,70.157,69.31,68.11,67.71,68.11,68.31,68.61,69.41,71.12,76.32,80.42,83.22,86.32,88.52,91.72,94.03,95.82,97,97.94,96.85,98.7,98.52,103.77,105.06,107.2,107.61,107.9,2024
456,SAU,PCPIEPCH,Saudi Arabia,"Inflation, end of period consumer prices",Percent change,Units,4.402,2.811,0.946,0.208,-1.559,-3.071,-3.173,-1.589,0.908,1,2.079,4.559,-0.371,0.838,0.646,5.046,0.873,-0.433,-0.174,-1.208,-1.731,-0.587,0.591,0.294,0.439,1.166,2.464,7.312,5.372,3.482,3.725,2.549,3.615,2.519,1.904,1.231,0.969,-1.113,1.91,-0.182,5.329,1.243,2.037,0.382,0.269,2024
722,SEN,PCPI,Senegal,"Inflation, average consumer prices",Index,Units,29.607,31.319,36.763,41.067,45.889,51.873,55.049,52.775,51.813,52.046,52.215,51.299,51.296,50.914,67.26,72.692,74.752,76.086,76.839,77.467,78.051,80.434,82.363,82.323,82.747,84.159,85.938,90.977,96.74,94.566,95.727,98.986,100.389,101.101,100,100.858,102.06,103.227,103.696,104.753,107.403,109.743,120.375,127.533,128.558,2022
722,SEN,PCPIPCH,Senegal,"Inflation, average consumer prices",Percent change,Units,8.837,5.779,17.384,11.707,11.742,13.041,6.122,-4.13,-1.823,0.449,0.325,-1.754,-0.007,-0.744,32.104,8.076,2.835,1.784,0.989,0.818,0.754,3.053,2.398,-0.048,0.515,1.707,2.114,5.863,6.335,-2.248,1.228,3.404,1.417,0.71,-1.089,0.858,1.192,1.143,0.455,1.02,2.529,2.178,9.689,5.947,0.804,2022
722,SEN,PCPIE,Senegal,"Inflation, end of period consumer prices",Index,Units,29.665,33.013,38.266,43.005,47.176,52.687,54.85,52.017,50.936,51.348,50.881,50.516,50.266,50.516,69.479,73.307,75.135,76.614,77.31,77.686,78.747,81.937,83.166,81.929,83.329,84.514,87.818,93.243,98.417,93.944,97.978,100.658,101.799,101.722,100.9,101.868,104.78,103.95,105.11,105.781,108.355,112.5,126.9,127.9,128.2,2022
722,SEN,PCPIEPCH,Senegal,"Inflation, end of period consumer prices",Percent change,Units,n/a,11.285,15.913,12.382,9.701,11.681,4.106,-5.164,-2.079,0.809,-0.909,-0.718,-0.496,0.498,37.539,5.51,2.494,1.969,0.908,0.486,1.366,4.051,1.5,-1.488,1.709,1.422,3.909,6.178,5.548,-4.545,4.294,2.735,1.134,-0.076,-0.808,0.959,2.859,-0.792,1.116,0.638,2.433,3.825,12.8,0.788,0.235,2022
942,SRB,PCPI,Serbia,"Inflation, average consumer prices",Index,Units,n/a,n/a,n/a,n/a,n/a,n/a,n/a,n/a,n/a,n/a,n/a,n/a,n/a,n/a,n/a,n/a,n/a,11.124,14.461,20.405,34.688,62.696,68.256,70.236,77.683,90.308,100,106.002,119.158,128.83,136.744,151.973,163.114,175.664,179.322,181.819,183.86,189.616,193.333,196.908,200.01,208.181,233.124,261.966,274.201,2024
942,SRB,PCPIPCH,Serbia,"Inflation, average consumer prices",Percent change,Units,n/a,n/a,n/a,n/a,n/a,n/a,n/a,n/a,n/a,n/a,n/a,n/a,n/a,n/a,n/a,n/a,n/a,n/a,30,41.1,70,80.744,8.868,2.901,10.602,16.253,10.732,6.002,12.411,8.117,6.143,11.137,7.33,7.694,2.082,1.392,1.122,3.131,1.96,1.849,1.576,4.085,11.982,12.372,4.671,2024
942,SRB,PCPIE,Serbia,"Inflation, end of period consumer prices",Index,Units,n/a,n/a,n/a,n/a,n/a,n/a,n/a,n/a,n/a,n/a,n/a,n/a,n/a,n/a,n/a,n/a,n/a,11.923,17.218,25.036,53.067,67.001,68.682,71.503,81.657,94.591,100,111.025,120.555,128.514,141.68,151.603,170.074,173.808,176.854,179.605,182.356,187.858,191.592,195.129,197.585,213.109,245.335,264.102,275.401,2024
942,SRB,PCPIEPCH,Serbia,"Inflation, end of period consumer prices",Percent change,Units,n/a,n/a,n/a,n/a,n/a,n/a,n/a,n/a,n/a,n/a,n/a,n/a,n/a,n/a,n/a,n/a,n/a,n/a,44.411,45.408,111.959,26.258,2.508,4.107,14.202,15.839,5.718,11.025,8.584,6.601,10.245,7.004,12.184,2.195,1.752,1.556,1.532,3.017,1.987,1.846,1.259,7.857,15.122,7.649,4.278,2024
718,SYC,PCPI,Seychelles,"Inflation, average consumer prices",Index,Units,24.877,27.492,27.257,29.05,29.392,29.564,30.273,30.952,31.1,32.134,33.404,34.083,34.771,34.654,35.427,35.606,34.873,35.502,36.46,38.757,41.199,43.671,43.758,45.202,46.965,47.368,46.401,48.391,64.988,88.374,86.031,88.001,94.367,98.542,99.986,104.107,102.976,105.858,109.809,111.804,112.886,124.119,127.388,126.265,126.498,2024
718,SYC,PCPIPCH,Seychelles,"Inflation, average consumer prices",Percent change,Units,13.516,10.512,-0.854,6.577,1.179,0.585,2.397,2.244,0.478,3.323,3.952,2.032,2.02,-0.336,2.229,0.505,-2.059,1.804,2.7,6.3,6.3,6,0.2,3.3,3.9,0.858,-2.042,4.289,34.296,35.986,-2.651,2.29,7.234,4.424,1.465,4.122,-1.087,2.799,3.731,1.818,0.968,9.95,2.634,-0.882,0.184,2024
718,SYC,PCPIE,Seychelles,"Inflation, end of period consumer prices",Index,Units,n/a,n/a,28.154,29.221,29.478,29.919,30.613,31.026,31.617,32.769,33.743,34.427,34.713,35.041,35.516,35.239,35.187,35.981,37.609,39.978,42.435,43.715,44.48,46.084,46.914,46.185,46.284,54.035,88.213,85.974,86.306,91.063,96.342,99.636,100.158,103.33,103.087,106.692,110.3,112.166,116.411,125.553,128.724,125.24,127.384,2024
718,SYC,PCPIEPCH,Seychelles,"Inflation, end of period consumer prices",Percent change,Units,n/a,n/a,n/a,3.792,0.88,1.494,2.32,1.351,1.904,3.643,2.974,2.026,0.83,0.945,1.358,-0.78,-0.148,2.256,4.524,6.3,6.145,3.016,1.752,3.605,1.802,-1.555,0.214,16.748,63.252,-2.538,0.386,5.512,5.797,3.419,0.524,3.167,-0.236,3.498,3.382,1.692,3.784,7.854,2.525,-2.707,1.712,2024
724,SLE,PCPI,Sierra Leone,"Inflation, average consumer prices",Index,Units,0.005,0.006,0.008,0.013,0.021,0.038,0.069,0.191,0.257,0.413,0.871,1.764,2.92,3.569,4.432,5.584,6.876,7.877,10.711,14.363,14.231,14.597,14.614,15.198,17.161,19.513,21.568,25.23,27.302,29.341,31.449,33.585,35.798,37.775,39.528,42.172,46.763,55.283,64.145,73.642,83.544,93.464,118.895,175.626,225.554,2024
724,SLE,PCPIPCH,Sierra Leone,"Inflation, average consumer prices",Percent change,Units,12.867,23.369,26.89,68.526,66.575,76.576,80.867,178.7,34.287,60.8,110.946,102.695,65.5,22.202,24.199,25.987,23.137,14.559,35.986,34.092,-0.918,2.568,0.121,3.991,12.922,13.702,10.533,16.978,8.211,7.469,7.186,6.791,6.588,5.524,4.639,6.689,10.886,18.222,16.03,14.805,13.447,11.874,27.209,47.716,28.429,2024
724,SLE,PCPIE,Sierra Leone,"Inflation, end of period consumer prices",Index,Units,0.005,0.007,0.01,0.017,0.027,0.046,0.101,0.218,0.302,0.56,1.109,2.389,3.221,4.081,4.804,6.463,6.875,11.476,10.825,14.802,14.351,14.843,14.386,16.009,18.313,20.712,22.424,25.51,27.88,29.98,32.2,34.34,36.47,38.43,40.2,43.57,51.16,59,67.4,76.77,84.79,100,137.09,208.59,237.334,2024
724,SLE,PCPIEPCH,Sierra Leone,"Inflation, end of period consumer prices",Percent change,Units,n/a,25.37,44.71,83.127,52.279,74.527,116.347,116.797,38.328,85.543,98.286,115.377,34.799,26.69,17.73,34.527,6.379,66.923,-5.677,36.745,-3.052,3.432,-3.08,11.286,14.391,13.1,8.263,13.763,9.29,7.532,7.405,6.646,6.203,5.374,4.606,8.383,17.42,15.324,14.237,13.902,10.447,17.938,37.09,52.156,13.78,2024
576,SGP,PCPI,Singapore,"Inflation, average consumer prices",Index,Units,43.223,46.763,48.595,49.1,50.378,50.626,49.926,50.168,50.932,52.1,53.898,55.752,57.003,58.309,60.114,61.15,61.994,63.248,63.076,63.091,63.942,64.59,64.337,64.651,65.732,66.043,66.681,68.088,72.606,73.033,75.099,79.043,82.664,84.618,85.493,85.046,84.596,85.084,85.457,85.942,85.794,87.781,93.163,97.666,100,2024
576,SGP,PCPIPCH,Singapore,"Inflation, average consumer prices",Percent change,Units,8.54,8.191,3.918,1.038,2.603,0.491,-1.381,0.483,1.523,2.294,3.45,3.44,2.244,2.291,3.096,1.725,1.379,2.023,-0.271,0.024,1.348,1.015,-0.392,0.487,1.672,0.473,0.966,2.11,6.635,0.589,2.829,5.251,4.581,2.364,1.033,-0.522,-0.53,0.577,0.439,0.568,-0.172,2.316,6.131,4.834,2.39,2024
576,SGP,PCPIE,Singapore,"Inflation, end of period consumer prices",Index,Units,44.132,48.698,49.1,49.661,50.114,50.459,49.763,50.522,51.233,52.93,54.951,56.531,57.543,59.013,60.71,61.221,62.444,63.723,62.813,63.239,64.543,64.163,64.443,64.924,65.775,66.609,67.15,69.727,73.459,73.071,76.427,80.663,84.151,85.417,85.363,84.814,84.954,85.274,85.67,86.325,86.358,89.781,95.591,99.177,100.661,2024
576,SGP,PCPIEPCH,Singapore,"Inflation, end of period consumer prices",Percent change,Units,6.002,10.346,0.825,1.143,0.912,0.688,-1.379,1.525,1.407,3.312,3.818,2.875,1.79,2.555,2.876,0.842,1.998,2.048,-1.428,0.678,2.062,-0.589,0.436,0.746,1.311,1.268,0.812,3.838,5.352,-0.528,4.593,5.543,4.324,1.504,-0.063,-0.643,0.165,0.377,0.464,0.765,0.038,3.964,6.471,3.751,1.496,2024
936,SVK,PCPI,Slovak Republic,"Inflation, average consumer prices",Index,Units,n/a,n/a,n/a,n/a,n/a,n/a,n/a,n/a,n/a,n/a,n/a,n/a,n/a,33.278,37.758,41.497,43.896,46.544,49.658,54.853,61.524,65.919,68.219,73.961,79.472,81.68,85.164,86.783,90.21,91.055,91.691,95.425,98.987,100.43,100.336,100.003,99.532,100.918,103.473,106.34,108.481,111.545,125.073,138.784,143.161,2024
936,SVK,PCPIPCH,Slovak Republic,"Inflation, average consumer prices",Percent change,Units,n/a,n/a,n/a,n/a,n/a,n/a,n/a,n/a,n/a,n/a,n/a,n/a,n/a,n/a,13.464,9.901,5.782,6.033,6.691,10.461,12.161,7.144,3.489,8.417,7.451,2.779,4.266,1.9,3.95,0.937,0.698,4.073,3.732,1.458,-0.094,-0.331,-0.472,1.393,2.531,2.771,2.013,2.825,12.127,10.963,3.154,2024
936,SVK,PCPIE,Slovak Republic,"Inflation, end of period consumer prices",Index,Units,n/a,n/a,n/a,n/a,n/a,n/a,n/a,n/a,n/a,n/a,n/a,n/a,n/a,36.604,40.922,43.95,46.351,49.252,52.152,58.41,63.34,67.5,69.59,76.02,80.41,83.35,86.25,88.26,91.32,91.36,92.54,96.79,100.04,100.4,100.26,99.81,100.11,102.21,104.27,107.71,109.58,115.16,132.47,141.16,145.72,2024
936,SVK,PCPIEPCH,Slovak Republic,"Inflation, end of period consumer prices",Percent change,Units,n/a,n/a,n/a,n/a,n/a,n/a,n/a,n/a,n/a,n/a,n/a,n/a,n/a,n/a,11.796,7.402,5.462,6.258,5.889,11.999,8.44,6.568,3.096,9.24,5.775,3.656,3.479,2.33,3.467,0.044,1.292,4.593,3.358,0.36,-0.139,-0.449,0.301,2.098,2.015,3.299,1.736,5.092,15.031,6.56,3.23,2024
961,SVN,PCPI,Slovenia,"Inflation, average consumer prices",Index,Units,n/a,n/a,n/a,n/a,n/a,n/a,n/a,n/a,n/a,n/a,n/a,n/a,23.333,30.783,37.208,42.258,46.45,50.325,54.325,57.65,62.801,68.063,73.155,77.211,79.985,81.946,83.96,87.031,91.946,92.718,94.388,96.089,98.585,100.329,100.529,100.001,99.946,101.374,103.137,104.818,104.761,106.769,116.201,124.854,127.308,2024
961,SVN,PCPIPCH,Slovenia,"Inflation, average consumer prices",Percent change,Units,n/a,n/a,n/a,n/a,n/a,n/a,n/a,n/a,n/a,n/a,n/a,n/a,n/a,31.93,20.872,13.572,9.919,8.342,7.948,6.121,8.935,8.38,7.481,5.544,3.593,2.452,2.458,3.657,5.647,0.839,1.801,1.803,2.597,1.769,0.199,-0.526,-0.055,1.429,1.739,1.631,-0.055,1.917,8.834,7.447,1.966,2024
961,SVN,PCPIE,Slovenia,"Inflation, end of period consumer prices",Index,Units,n/a,n/a,n/a,n/a,n/a,n/a,n/a,n/a,n/a,n/a,n/a,n/a,27.468,33.7,40.2,43.8,47.8,52,55.4,59.8,65.14,69.73,74.79,78.24,80.74,82.57,84.87,89.69,91.55,93.17,94.9,96.8,99.39,100.06,100.2,99.75,100.26,102.01,103.46,105.35,104.21,109.3,120.51,125.53,127.87,2024
961,SVN,PCPIEPCH,Slovenia,"Inflation, end of period consumer prices",Percent change,Units,n/a,n/a,n/a,n/a,n/a,n/a,n/a,n/a,n/a,n/a,n/a,n/a,n/a,22.687,19.288,8.955,9.132,8.787,6.538,7.942,8.93,7.046,7.257,4.613,3.195,2.267,2.786,5.679,2.074,1.77,1.857,2.002,2.676,0.674,0.14,-0.449,0.511,1.745,1.421,1.827,-1.082,4.884,10.256,4.166,1.864,2024
813,SLB,PCPI,Solomon Islands,"Inflation, average consumer prices",Index,Units,4.221,4.776,5.397,5.772,6.402,7.005,7.922,8.833,10.318,11.859,12.891,14.824,16.425,17.936,20.321,22.274,24.896,26.904,30.228,32.632,34.893,37.555,41.072,45.211,48.337,51.977,57.817,62.242,73.033,78.267,78.975,84.833,89.85,94.567,99.575,99.008,99.5,100,103.6,105.9,109,109.2,115.1,120.957,126.074,2023
813,SLB,PCPIPCH,Solomon Islands,"Inflation, average consumer prices",Percent change,Units,8.25,13.144,12.998,6.95,10.922,9.409,13.1,11.494,16.812,14.936,8.7,15,10.8,9.2,13.294,9.612,11.773,8.065,12.355,7.953,6.928,7.628,9.366,10.077,6.916,7.53,11.235,7.654,17.338,7.166,0.905,7.418,5.914,5.249,5.296,-0.569,0.497,0.503,3.6,2.22,2.927,0.183,5.403,5.089,4.23,2023
813,SLB,PCPIE,Solomon Islands,"Inflation, end of period consumer prices",Index,Units,n/a,n/a,n/a,n/a,n/a,n/a,n/a,n/a,n/a,n/a,n/a,n/a,n/a,18.632,21.043,23.29,25.53,28.157,31.069,33.179,35.879,38.191,44.058,45.727,49.157,53.5,58.8,65.3,77.1,78.4,79.1,86.5,90.9,91.7,97,100.4,98.2,100.3,104.2,106.9,104.1,108.9,118.4,123.486,130.434,2023
813,SLB,PCPIEPCH,Solomon Islands,"Inflation, end of period consumer prices",Percent change,Units,n/a,n/a,n/a,n/a,n/a,n/a,n/a,n/a,n/a,n/a,n/a,n/a,n/a,n/a,12.937,10.678,9.619,10.292,10.342,6.791,8.136,6.444,15.363,3.789,7.501,8.836,9.907,11.054,18.07,1.686,0.893,9.355,5.087,0.88,5.78,3.505,-2.191,2.138,3.888,2.591,-2.619,4.611,8.724,4.295,5.627,2023
726,SOM,PCPI,Somalia,"Inflation, average consumer prices",Index,Units,n/a,n/a,n/a,n/a,n/a,n/a,n/a,n/a,n/a,n/a,n/a,n/a,n/a,n/a,n/a,n/a,n/a,n/a,n/a,n/a,n/a,n/a,n/a,n/a,n/a,n/a,n/a,n/a,n/a,n/a,n/a,n/a,96.028,98.717,100,100.913,100.937,104.93,109.407,114.558,119.27,124.787,133.246,141.471,149.293,2023
726,SOM,PCPIPCH,Somalia,"Inflation, average consumer prices",Percent change,Units,n/a,n/a,n/a,n/a,n/a,n/a,n/a,n/a,n/a,n/a,n/a,n/a,n/a,n/a,n/a,n/a,n/a,n/a,n/a,n/a,n/a,n/a,n/a,n/a,n/a,n/a,n/a,n/a,n/a,n/a,n/a,n/a,n/a,2.8,1.3,0.913,0.024,3.957,4.266,4.709,4.113,4.625,6.779,6.173,5.529,2023
726,SOM,PCPIE,Somalia,"Inflation, end of period consumer prices",Index,Units,n/a,n/a,n/a,n/a,n/a,n/a,n/a,n/a,n/a,n/a,n/a,n/a,n/a,n/a,n/a,n/a,n/a,n/a,n/a,n/a,n/a,n/a,n/a,n/a,n/a,n/a,n/a,n/a,n/a,n/a,n/a,n/a,96.028,98.717,100,100.292,101.509,107.692,111.16,114.636,120.179,126.99,134.679,143.573,151.575,2023
726,SOM,PCPIEPCH,Somalia,"Inflation, end of period consumer prices",Percent change,Units,n/a,n/a,n/a,n/a,n/a,n/a,n/a,n/a,n/a,n/a,n/a,n/a,n/a,n/a,n/a,n/a,n/a,n/a,n/a,n/a,n/a,n/a,n/a,n/a,n/a,n/a,n/a,n/a,n/a,n/a,n/a,n/a,n/a,2.8,1.3,0.292,1.214,6.091,3.221,3.126,4.835,5.668,6.055,6.603,5.574,2023
199,ZAF,PCPI,South Africa,"Inflation, average consumer prices",Index,Units,2.983,3.458,3.942,4.442,4.942,5.758,6.808,7.925,8.925,10.242,11.717,13.483,15.375,16.858,18.358,19.967,21.45,23.292,24.917,26.175,27.567,29.15,31.8,33.675,34.142,35.3,36.942,39.575,43.875,47.033,49.025,51.467,54.375,57.5,61.017,63.817,67.85,71.442,74.725,77.8,80.358,84.017,89.783,95.083,99.292,2024
199,ZAF,PCPIPCH,South Africa,"Inflation, average consumer prices",Percent change,Units,14.236,15.922,13.976,12.685,11.257,16.526,18.234,16.401,12.618,14.753,14.402,15.078,14.03,9.648,8.898,8.761,7.429,8.586,6.977,5.05,5.317,5.744,9.091,5.896,1.386,3.393,4.651,7.128,10.865,7.198,4.235,4.98,5.651,5.747,6.116,4.589,6.32,5.294,4.596,4.115,3.288,4.553,6.864,5.903,4.426,2024
199,ZAF,PCPIE,South Africa,"Inflation, end of period consumer prices",Index,Units,3.3,3.7,4.1,4.7,5.2,6.2,7.2,8.4,9.4,10.9,12.5,14.5,15.9,17.4,19.1,20.4,22.3,23.7,25.9,26.5,28.2,29.6,33.2,33.3,34.5,35.7,37.8,41.1,45.237,48.091,49.821,52.849,55.876,58.817,62.017,65.218,69.629,72.898,76.491,79.311,81.829,86.295,92.675,97.846,100.667,2024
199,ZAF,PCPIEPCH,South Africa,"Inflation, end of period consumer prices",Percent change,Units,n/a,12.121,10.811,14.634,10.638,19.231,16.129,16.667,11.905,15.957,14.679,16,9.655,9.434,9.77,6.806,9.314,6.278,9.283,2.317,6.415,4.965,12.162,0.301,3.604,3.478,5.882,8.73,10.066,6.31,3.597,6.076,5.728,5.263,5.441,5.16,6.764,4.695,4.929,3.687,3.175,5.458,7.393,5.58,2.883,2024
733,SSD,PCPI,South Sudan,"Inflation, average consumer prices",Index,Units,n/a,n/a,n/a,n/a,n/a,n/a,n/a,n/a,n/a,n/a,n/a,n/a,n/a,n/a,n/a,n/a,n/a,n/a,n/a,n/a,n/a,n/a,n/a,n/a,n/a,n/a,n/a,n/a,n/a,n/a,n/a,105.911,150.772,146.637,152.872,233.876,"1,043.21","3,265.25","5,988.35","8,939.90","11,084.05","14,434.59","13,971.20","19,512.96","44,567.83",2024
733,SSD,PCPIPCH,South Sudan,"Inflation, average consumer prices",Percent change,Units,n/a,n/a,n/a,n/a,n/a,n/a,n/a,n/a,n/a,n/a,n/a,n/a,n/a,n/a,n/a,n/a,n/a,n/a,n/a,n/a,n/a,n/a,n/a,n/a,n/a,n/a,n/a,n/a,n/a,n/a,n/a,n/a,42.357,-2.742,4.252,52.988,346.054,212.999,83.396,49.288,23.984,30.229,-3.21,39.666,128.401,2024
733,SSD,PCPIE,South Sudan,"Inflation, end of period consumer prices",Index,Units,n/a,n/a,n/a,n/a,n/a,n/a,n/a,n/a,n/a,n/a,n/a,n/a,n/a,n/a,n/a,n/a,n/a,n/a,n/a,n/a,n/a,n/a,n/a,n/a,n/a,n/a,n/a,n/a,n/a,n/a,n/a,135.443,169.628,154.723,170.01,356.777,"1,790.07","4,536.45","5,961.27","7,750.78","14,548.90","14,902.97","12,961.14","21,640.69","68,510.28",2024
733,SSD,PCPIEPCH,South Sudan,"Inflation, end of period consumer prices",Percent change,Units,n/a,n/a,n/a,n/a,n/a,n/a,n/a,n/a,n/a,n/a,n/a,n/a,n/a,n/a,n/a,n/a,n/a,n/a,n/a,n/a,n/a,n/a,n/a,n/a,n/a,n/a,n/a,n/a,n/a,n/a,n/a,n/a,25.239,-8.787,9.88,109.856,401.732,153.424,31.408,30.019,87.709,2.434,-13.03,66.966,216.581,2024
184,ESP,PCPI,Spain,"Inflation, average consumer prices",Index,Units,19.779,22.657,25.923,29.078,32.359,35.211,38.308,40.318,42.268,45.139,48.173,51.032,54.678,57.176,59.874,62.672,64.928,66.146,67.313,68.817,71.215,73.227,75.856,78.21,80.598,83.326,86.293,88.747,92.413,92.192,94.075,96.944,99.306,100.825,100.633,100,99.663,101.693,103.458,104.264,103.913,107.038,115.947,119.889,123.327,2024
184,ESP,PCPIPCH,Spain,"Inflation, average consumer prices",Percent change,Units,15.578,14.549,14.416,12.174,11.28,8.815,8.795,5.248,4.837,6.791,6.722,5.934,7.145,4.569,4.718,4.674,3.599,1.877,1.764,2.235,3.484,2.825,3.59,3.103,3.054,3.384,3.561,2.843,4.131,-0.239,2.043,3.05,2.436,1.53,-0.19,-0.629,-0.337,2.036,1.736,0.78,-0.337,3.008,8.323,3.4,2.867,2024
184,ESP,PCPIE,Spain,"Inflation, end of period consumer prices",Index,Units,21.246,24.306,27.711,31.101,33.903,36.676,39.706,41.53,43.956,46.986,50.06,52.826,55.657,58.399,60.931,63.563,65.644,66.877,67.785,69.669,72.46,74.28,77.26,79.34,81.94,84.99,87.3,91.04,92.36,93.19,95.86,98.11,101.06,101.37,100.22,100.09,101.5,102.74,104,104.88,104.28,111.13,117.22,121.06,124.49,2024
184,ESP,PCPIEPCH,Spain,"Inflation, end of period consumer prices",Percent change,Units,15.191,14.399,14.009,12.235,9.009,8.178,8.261,4.593,5.844,6.893,6.542,5.524,5.36,4.926,4.336,4.32,3.273,1.879,1.358,2.778,4.007,2.512,4.012,2.692,3.277,3.722,2.718,4.284,1.45,0.899,2.865,2.347,3.007,0.307,-1.134,-0.13,1.409,1.222,1.226,0.846,-0.572,6.569,5.48,3.276,2.833,2024
524,LKA,PCPI,Sri Lanka,"Inflation, average consumer prices",Index,Units,2.898,3.419,3.789,4.319,5.037,5.112,5.52,5.946,6.777,7.561,9.187,10.306,11.479,12.828,13.912,14.979,17.367,19.028,20.811,21.787,23.133,26.408,28.93,31.525,34.367,38.15,41.942,48.608,59.475,61.558,65.383,69.783,75.05,80.217,82.45,84.283,87.642,93.408,97.4,101.592,106.233,112.558,163.45,191.833,194.217,2022
524,LKA,PCPIPCH,Sri Lanka,"Inflation, average consumer prices",Percent change,Units,26.145,17.969,10.826,13.964,16.638,1.481,7.976,7.717,13.992,11.568,21.495,12.186,11.383,11.747,8.448,7.675,15.937,9.565,9.371,4.692,6.176,14.158,9.551,8.969,9.014,11.009,9.939,15.895,22.356,3.503,6.214,6.73,7.547,6.884,2.784,2.224,3.985,6.58,4.273,4.304,4.569,5.954,45.214,17.365,1.242,2022
524,LKA,PCPIE,Sri Lanka,"Inflation, end of period consumer prices",Index,Units,2.972,3.515,3.704,4.498,4.925,4.998,5.451,6.006,6.908,7.952,9.512,10.369,11.802,13.02,13.568,15.13,17.672,19.57,20.299,21.108,23.395,25.926,28.853,32.368,36.6,39.4,44.7,53,60.4,63.5,67.8,71.1,77.7,81.3,82.4,86.2,90,96.4,99.1,103.4,107.667,118.333,187.733,193.3,190.333,2022
524,LKA,PCPIEPCH,Sri Lanka,"Inflation, end of period consumer prices",Percent change,Units,24.672,18.27,5.388,21.435,9.482,1.482,9.074,10.167,15.03,15.103,19.622,9.015,13.815,10.32,4.21,11.512,16.801,10.741,3.724,3.984,10.837,10.817,11.289,12.182,13.075,7.65,13.452,18.568,13.962,5.132,6.772,4.867,9.283,4.633,1.353,4.612,4.408,7.111,2.801,4.339,4.126,9.907,58.648,2.965,-1.535,2022
361,KNA,PCPI,St. Kitts and Nevis,"Inflation, average consumer prices",Index,Units,38.613,41.918,44.422,45.413,46.652,47.895,47.881,48.33,48.441,50.928,53.067,55.296,56.865,57.883,58.709,60.471,61.709,67.063,69.533,71.863,73.38,74.948,76.506,78.241,80.001,82.7,89.719,93.74,98.708,100.739,101.597,107.525,108.403,109.603,109.874,107.345,106.607,107.348,106.236,105.885,104.638,105.9,108.726,112.593,113.768,2023
361,KNA,PCPIPCH,St. Kitts and Nevis,"Inflation, average consumer prices",Percent change,Units,19.332,8.559,5.975,2.23,2.727,2.666,-0.029,0.937,0.23,5.133,4.2,4.201,2.837,1.791,1.427,3,2.048,8.675,3.684,3.351,2.11,2.138,2.078,2.268,2.25,3.374,8.487,4.481,5.3,2.058,0.851,5.835,0.816,1.107,0.248,-2.302,-0.688,0.696,-1.036,-0.331,-1.177,1.206,2.669,3.557,1.044,2023
361,KNA,PCPIE,St. Kitts and Nevis,"Inflation, end of period consumer prices",Index,Units,n/a,n/a,n/a,n/a,n/a,n/a,n/a,n/a,n/a,52.084,54.009,56.484,57.309,58.107,58.877,60.389,62.287,69.354,69.959,71.444,73.671,75.587,76.984,79.212,80.556,85.422,92.19,94.819,100.963,102.157,106.54,108.71,109.26,109.93,109.33,106.71,106.74,107.547,106.741,105.848,104.6,106.62,110.73,112.49,113.662,2023
361,KNA,PCPIEPCH,St. Kitts and Nevis,"Inflation, end of period consumer prices",Percent change,Units,n/a,n/a,n/a,n/a,n/a,n/a,n/a,n/a,n/a,n/a,3.696,4.582,1.461,1.392,1.325,2.569,3.142,11.347,0.872,2.123,3.118,2.6,1.849,2.893,1.697,6.041,7.922,2.852,6.479,1.183,4.291,2.037,0.506,0.613,-0.546,-2.396,0.028,0.756,-0.749,-0.837,-1.179,1.931,3.855,1.589,1.041,2023
362,LCA,PCPI,St. Lucia,"Inflation, average consumer prices",Index,Units,39.645,45.641,47.747,48.45,49.443,49.691,50.772,54.345,54.796,57.204,59.682,62.987,66.553,67.069,68.856,72.892,73.566,73.562,75.918,77.751,81.52,85.819,85.599,86.485,87.748,91.179,94.429,97.095,102.483,102.323,105.648,108.574,113.11,114.771,118.808,117.639,114.018,114.136,117.053,117.684,115.618,118.404,125.95,131.085,130.497,2022
362,LCA,PCPIPCH,St. Lucia,"Inflation, average consumer prices",Percent change,Units,19.367,15.125,4.614,1.473,2.049,0.503,2.174,7.039,0.829,4.395,4.331,5.539,5.661,0.775,2.664,5.863,0.925,-0.006,3.202,2.415,4.848,5.273,-0.256,1.034,1.46,3.911,3.564,2.823,5.55,-0.157,3.25,2.769,4.178,1.469,3.517,-0.984,-3.078,0.104,2.555,0.539,-1.755,2.41,6.373,4.077,-0.448,2022
362,LCA,PCPIE,St. Lucia,"Inflation, end of period consumer prices",Index,Units,43.467,47.58,47.843,48.477,49.22,49.708,51.949,54.581,55.458,57.554,61.014,64.864,66.91,67.398,71.345,74.659,72.953,74.366,77.047,78.587,84.003,86.501,85.916,86.355,89.376,94.006,94.64,101.07,104.51,101.28,105.56,110.61,116.15,115.283,119.513,116.401,113.103,115.341,117.844,117.016,116.587,121.423,129.801,132.491,129.435,2022
362,LCA,PCPIEPCH,St. Lucia,"Inflation, end of period consumer prices",Percent change,Units,21.45,9.463,0.553,1.324,1.534,0.99,4.51,5.066,1.607,3.779,6.012,6.31,3.156,0.728,5.857,4.645,-2.285,1.937,3.604,1.999,6.892,2.974,-0.676,0.51,3.499,5.18,0.675,6.794,3.404,-3.091,4.226,4.784,5.009,-0.746,3.67,-2.604,-2.834,1.979,2.17,-0.703,-0.367,4.148,6.901,2.072,-2.307,2022
364,VCT,PCPI,St. Vincent and the Grenadines,"Inflation, average consumer prices",Index,Units,36.675,43.075,46.189,48.71,50.026,51.066,51.655,53.173,53.332,54.742,58.711,62.188,64.554,67.304,67.57,69.186,72.239,72.599,74.127,74.877,75.022,76.43,77.001,77.098,79.297,82.03,84.505,90.415,99.568,99.939,100.7,103.908,106.608,107.467,107.675,105.817,105.65,107.925,110.433,111.433,110.758,112.483,118.85,124.275,128.742,2023
364,VCT,PCPIPCH,St. Vincent and the Grenadines,"Inflation, average consumer prices",Percent change,Units,17.207,17.45,7.228,5.458,2.702,2.079,1.154,2.939,0.298,2.645,7.25,5.922,3.805,4.26,0.395,2.391,4.413,0.499,2.105,1.013,0.193,1.876,0.748,0.125,2.853,3.446,3.017,6.995,10.123,0.373,0.761,3.186,2.598,0.805,0.194,-1.726,-0.158,2.153,2.324,0.906,-0.606,1.557,5.66,4.565,3.594,2023
364,VCT,PCPIE,St. Vincent and the Grenadines,"Inflation, end of period consumer prices",Index,Units,39.933,45.111,47.292,49.715,50.765,51.411,51.694,53.471,54.602,56.5,61.669,63.083,65.021,67.969,67.969,70.392,72.937,73.542,75.966,74.592,75.642,76.78,76.435,78.567,79.557,82.66,86.636,93.861,102.665,100.396,101.3,106.1,107.2,107.2,107.3,105.1,106.1,109.3,110.8,111.3,110.2,114,121.6,126.5,129.1,2023
364,VCT,PCPIEPCH,St. Vincent and the Grenadines,"Inflation, end of period consumer prices",Percent change,Units,18.889,12.966,4.834,5.124,2.112,1.273,0.55,3.438,2.115,3.476,9.149,2.292,3.073,4.534,0,3.565,3.614,0.831,3.295,-1.808,1.408,1.504,-0.45,2.79,1.26,3.9,4.81,8.34,9.38,-2.21,0.9,4.738,1.037,0,0.093,-2.05,0.951,3.016,1.372,0.451,-0.988,3.448,6.667,4.03,2.055,2023
732,SDN,PCPI,Sudan,"Inflation, average consumer prices",Index,Units,0.016,0.019,0.025,0.032,0.043,0.062,0.1,0.126,0.206,0.34,0.337,0.754,1.64,3.301,7.113,11.977,22.368,32.919,41.024,48.067,51.489,52.486,64.151,68.314,74.911,81.283,87.135,99.991,114.287,127.152,143.653,169.649,229.975,313.967,429.842,502.526,591.726,783.159,"1,278.84","1,930.97","5,083.45","23,337.70","55,732.39","98,784.87","2,73,415.96",2022
732,SDN,PCPIPCH,Sudan,"Inflation, average consumer prices",Percent change,Units,26.531,24.019,26.608,30.566,33.659,45.625,59.996,26.512,62.864,65.338,-0.874,123.578,117.624,101.305,115.478,68.375,86.764,47.169,24.622,17.166,7.121,1.935,22.225,6.489,9.658,8.506,7.199,14.754,14.297,11.257,12.978,18.097,35.559,36.522,36.907,16.91,17.75,32.352,63.293,50.994,163.258,359.092,138.808,77.249,176.779,2022
732,SDN,PCPIE,Sudan,"Inflation, end of period consumer prices",Index,Units,n/a,n/a,n/a,n/a,n/a,n/a,n/a,n/a,n/a,n/a,0.404,0.799,2,4.371,8.988,15.351,28.494,37.119,46.903,50.639,51.556,53.72,65.937,71.38,76.565,80.811,93.616,101.78,116.939,132.663,153.029,181.944,262.793,372.91,468.628,527.589,688.369,861.501,"1,489.84","2,339.21","8,639.50","36,131.06","67,680.35","1,44,361.23","3,62,505.26",2022
732,SDN,PCPIEPCH,Sudan,"Inflation, end of period consumer prices",Percent change,Units,n/a,n/a,n/a,n/a,n/a,n/a,n/a,n/a,n/a,n/a,n/a,97.821,150.261,118.612,105.616,70.799,85.612,30.269,26.359,7.966,1.81,4.198,22.742,8.256,7.264,5.545,15.845,8.721,14.893,13.447,15.352,18.895,44.436,41.903,25.668,12.582,30.474,25.151,72.935,57.011,269.334,318.208,87.319,113.299,151.11,2022
366,SUR,PCPI,Suriname,"Inflation, average consumer prices",Index,Units,0.227,0.246,0.264,0.275,0.285,0.316,0.375,0.576,0.618,0.623,0.759,0.838,1.017,1.823,4.426,5.496,5.652,5.995,6.67,10.707,13.872,18.639,21.531,26.483,28.9,32.94,36.656,39.012,44.734,44.599,47.698,56.133,58.945,60.075,62.108,66.391,103.238,125.975,134.717,140.633,189.7,301.85,460.164,697.529,810.709,2023
366,SUR,PCPIPCH,Suriname,"Inflation, average consumer prices",Percent change,Units,14.151,8.678,7.119,4.374,3.688,10.852,18.664,53.418,7.34,0.758,21.766,10.488,21.311,79.263,142.841,24.162,2.84,6.081,11.248,60.526,29.557,34.366,15.516,23.001,9.126,13.981,11.281,6.426,14.667,-0.3,6.948,17.684,5.009,1.916,3.384,6.896,55.501,22.024,6.939,4.392,34.89,59.12,52.448,51.583,16.226,2023
366,SUR,PCPIE,Suriname,"Inflation, end of period consumer prices",Index,Units,n/a,n/a,n/a,n/a,n/a,n/a,n/a,n/a,n/a,n/a,0.823,0.939,1.249,2.987,10.627,5.386,5.61,6.564,7.54,12.96,18.751,18.916,24.286,27.456,29.945,35.957,37.665,40.804,44.63,45.21,49.867,57.447,59.917,60.276,62.627,78.346,119.4,130.5,137.6,143.4,230.5,370.4,572.563,759.317,835.956,2023
366,SUR,PCPIEPCH,Suriname,"Inflation, end of period consumer prices",Percent change,Units,n/a,n/a,n/a,n/a,n/a,n/a,n/a,n/a,n/a,n/a,n/a,14.04,33.025,139.138,255.846,-49.322,4.169,16.996,14.867,71.896,44.678,0.878,28.39,13.055,9.065,20.075,4.752,8.333,9.376,1.3,10.3,15.2,4.3,0.6,3.9,25.1,52.4,9.296,5.441,4.215,60.739,60.694,54.58,32.617,10.093,2023
144,SWE,PCPI,Sweden,"Inflation, average consumer prices",Index,Units,29.799,33.407,36.273,39.504,42.672,45.816,47.756,49.772,52.658,56.047,61.915,67.359,68.287,71.489,73.569,75.383,76.152,77.536,78.318,78.765,79.785,81.924,83.51,85.446,86.317,87.038,88.343,89.827,92.834,94.633,96.431,97.743,98.659,99.095,99.302,100,101.14,103.029,105.125,106.935,107.642,110.496,119.399,126.454,128.988,2024
144,SWE,PCPIPCH,Sweden,"Inflation, average consumer prices",Percent change,Units,17.452,12.108,8.578,8.907,8.021,7.367,4.233,4.222,5.798,6.437,10.47,8.792,1.378,4.689,2.91,2.465,1.02,1.818,1.008,0.57,1.295,2.681,1.936,2.318,1.019,0.835,1.5,1.679,3.347,1.938,1.9,1.36,0.937,0.442,0.209,0.703,1.14,1.867,2.035,1.722,0.661,2.652,8.057,5.909,2.004,2024
144,SWE,PCPIE,Sweden,"Inflation, end of period consumer prices",Index,Units,31.471,34.344,37.394,40.697,43.785,46.6,48.292,50.828,53.831,57.335,63.741,68.199,68.562,72.074,73.975,75.686,76.045,78.051,78.105,78.865,80.052,82.484,83.799,85.401,86.365,87.318,88.544,90.574,92.988,95.152,96.842,97.651,98.601,98.85,99.156,100,101.416,103.213,105.506,107.32,107.762,111.984,123.451,127.189,129.415,2024
144,SWE,PCPIEPCH,Sweden,"Inflation, end of period consumer prices",Percent change,Units,14.074,9.131,8.88,8.834,7.586,6.429,3.631,5.253,5.907,6.511,11.172,6.995,0.532,5.124,2.637,2.313,0.474,2.639,0.068,0.974,1.504,3.038,1.595,1.911,1.128,1.104,1.404,2.292,2.665,2.327,1.777,0.835,0.973,0.253,0.309,0.851,1.416,1.772,2.221,1.719,0.412,3.918,10.239,3.028,1.75,2024
146,CHE,PCPI,Switzerland,"Inflation, average consumer prices",Index,Units,55.109,58.683,62.011,63.841,65.715,67.967,68.472,69.455,70.755,72.987,76.931,81.439,84.727,87.516,88.261,89.848,90.576,91.045,91.062,91.798,93.231,94.154,94.758,95.361,96.124,97.252,98.286,99.008,101.412,100.926,101.62,101.852,101.146,100.927,100.915,99.763,99.33,99.861,100.795,101.161,100.428,101.014,103.877,106.095,107.219,2024
146,CHE,PCPIPCH,Switzerland,"Inflation, average consumer prices",Percent change,Units,4.022,6.486,5.671,2.95,2.937,3.427,0.743,1.435,1.872,3.154,5.404,5.859,4.037,3.293,0.851,1.798,0.81,0.518,0.019,0.808,1.561,0.991,0.641,0.636,0.801,1.173,1.064,0.735,2.428,-0.48,0.688,0.228,-0.693,-0.216,-0.012,-1.142,-0.434,0.535,0.935,0.363,-0.724,0.583,2.834,2.135,1.06,2024
146,CHE,PCPIE,Switzerland,"Inflation, end of period consumer prices",Index,Units,56.44,60.148,63.411,64.739,66.605,68.728,68.741,70.023,71.402,75.001,78.994,83.146,86.018,88.155,88.522,90.217,90.895,91.211,91.034,92.53,93.908,94.219,95.049,95.581,96.813,97.758,98.372,100.362,101.083,101.382,101.925,101.325,100.885,100.969,100.66,99.377,99.399,100.266,100.988,101.179,100.394,101.978,104.921,106.757,107.447,2024
146,CHE,PCPIEPCH,Switzerland,"Inflation, end of period consumer prices",Percent change,Units,4.426,6.57,5.424,2.095,2.882,3.188,0.018,1.865,1.97,5.04,5.323,5.256,3.454,2.485,0.416,1.915,0.752,0.348,-0.194,1.643,1.489,0.332,0.88,0.56,1.289,0.975,0.629,2.022,0.719,0.296,0.535,-0.588,-0.435,0.083,-0.305,-1.275,0.023,0.872,0.72,0.189,-0.777,1.578,2.885,1.75,0.646,2024
463,SYR,PCPI,Syria,"Inflation, average consumer prices",Index,Units,8.095,9.584,10.952,11.608,12.705,14.841,20.212,34.649,45.044,51.974,57.749,62.946,69.933,79.165,91.299,98.349,107.074,109.097,108.057,104.058,100,103.401,102.866,108.829,113.653,121.882,134.546,140.839,162.179,166.726,174.059,n/a,n/a,n/a,n/a,n/a,n/a,n/a,n/a,n/a,n/a,n/a,n/a,n/a,n/a,2011
463,SYR,PCPIPCH,Syria,"Inflation, average consumer prices",Percent change,Units,19.332,18.4,14.274,5.987,9.453,16.818,36.187,71.429,30,15.385,11.111,9,11.1,13.2,15.328,7.722,8.872,1.889,-0.953,-3.7,-3.9,3.401,-0.518,5.797,4.433,7.24,10.39,4.677,15.153,2.804,4.398,n/a,n/a,n/a,n/a,n/a,n/a,n/a,n/a,n/a,n/a,n/a,n/a,n/a,n/a,2011
463,SYR,PCPIE,Syria,"Inflation, end of period consumer prices",Index,Units,n/a,n/a,n/a,n/a,n/a,n/a,n/a,n/a,n/a,n/a,59.743,65.462,70.851,83.142,94.825,103.683,108.788,110.534,108.057,104.058,100,108.453,107.895,113.098,124.405,130.528,139.289,145.939,168.404,171.304,182.132,n/a,n/a,n/a,n/a,n/a,n/a,n/a,n/a,n/a,n/a,n/a,n/a,n/a,n/a,2011
463,SYR,PCPIEPCH,Syria,"Inflation, end of period consumer prices",Percent change,Units,n/a,n/a,n/a,n/a,n/a,n/a,n/a,n/a,n/a,n/a,n/a,9.572,8.232,17.349,14.051,9.341,4.923,1.605,-2.241,-3.7,-3.9,8.453,-0.515,4.823,9.997,4.921,6.712,4.774,15.393,1.722,6.321,n/a,n/a,n/a,n/a,n/a,n/a,n/a,n/a,n/a,n/a,n/a,n/a,n/a,n/a,2011
528,TWN,PCPI,Taiwan Province of China,"Inflation, average consumer prices",Index,Units,49.34,54.7,56.315,57.087,57.069,56.977,57.375,57.668,58.411,60.99,63.508,65.809,68.746,70.77,73.67,76.371,78.721,79.433,80.771,80.913,81.923,81.92,81.759,81.529,82.84,84.753,85.261,86.793,89.857,89.071,89.931,91.209,92.974,93.711,94.83,94.54,95.857,96.453,97.755,98.302,98.068,100,102.947,105.513,107.813,2024
528,TWN,PCPIPCH,Taiwan Province of China,"Inflation, average consumer prices",Percent change,Units,19.023,10.863,2.952,1.37,-0.031,-0.162,0.699,0.51,1.289,4.416,4.129,3.623,4.462,2.944,4.098,3.666,3.077,0.905,1.684,0.175,1.248,-0.003,-0.196,-0.281,1.608,2.309,0.6,1.796,3.53,-0.875,0.966,1.421,1.935,0.792,1.194,-0.306,1.393,0.622,1.35,0.559,-0.238,1.971,2.947,2.492,2.181,2024
528,TWN,PCPIE,Taiwan Province of China,"Inflation, end of period consumer prices",Index,Units,53.55,55.26,56.6,55.93,56.85,56.11,57.58,58.69,59.34,61.2,63.99,66.48,68.75,71.93,73.84,77.21,79.16,79.37,81.05,81.17,82.5,81.11,81.74,81.69,83.01,84.84,85.42,88.26,89.38,89.16,90.26,92.09,93.58,93.89,94.46,94.58,96.18,97.35,97.29,98.41,98.45,101.04,103.78,106.58,109.021,2024
528,TWN,PCPIEPCH,Taiwan Province of China,"Inflation, end of period consumer prices",Percent change,Units,22.037,3.193,2.425,-1.184,1.645,-1.302,2.62,1.928,1.108,3.134,4.559,3.891,3.415,4.625,2.655,4.564,2.526,0.265,2.117,0.148,1.639,-1.685,0.777,-0.061,1.616,2.205,0.684,3.325,1.269,-0.246,1.234,2.027,1.618,0.331,0.607,0.127,1.692,1.216,-0.062,1.151,0.041,2.631,2.712,2.698,2.29,2024
923,TJK,PCPI,Tajikistan,"Inflation, average consumer prices",Index,Units,n/a,n/a,n/a,n/a,n/a,n/a,n/a,n/a,n/a,n/a,n/a,n/a,0.012,0.32,1.44,10.262,53.204,100,143.175,182.479,242.425,335.981,377.062,438.733,470.347,504.572,554.874,627.941,756.222,804.766,856.776,963.205,"1,019.03","1,070.34","1,135.38","1,201.02","1,272.04","1,365.03","1,417.48","1,527.91","1,659.01","1,807.88","1,927.95","1,998.36","2,068.40",2023
923,TJK,PCPIPCH,Tajikistan,"Inflation, average consumer prices",Percent change,Units,n/a,n/a,n/a,n/a,n/a,n/a,n/a,n/a,n/a,n/a,n/a,n/a,n/a,"2,600.72",350.358,612.481,418.472,87.956,43.175,27.452,32.851,38.592,12.227,16.356,7.206,7.277,9.969,13.168,20.429,6.419,6.463,12.422,5.796,5.035,6.077,5.781,5.914,7.31,3.843,7.79,8.58,8.974,6.641,3.652,3.505,2023
923,TJK,PCPIE,Tajikistan,"Inflation, end of period consumer prices",Index,Units,n/a,n/a,n/a,n/a,n/a,n/a,n/a,n/a,n/a,n/a,n/a,n/a,0.016,1.19,1.203,26.996,37.942,100,102.725,133.689,214.742,241.54,276.494,314.459,332.483,356.172,400.743,480.274,537.22,563.625,618.884,676.533,720.129,746.828,801.95,842.702,893.83,953.34,"1,004.66","1,085.51","1,187.84","1,283.37","1,337.71","1,388.96","1,439.97",2023
923,TJK,PCPIEPCH,Tajikistan,"Inflation, end of period consumer prices",Percent change,Units,n/a,n/a,n/a,n/a,n/a,n/a,n/a,n/a,n/a,n/a,n/a,n/a,n/a,"7,344.00",1.075,"2,144.25",40.546,163.562,2.725,30.142,60.628,12.479,14.471,13.731,5.732,7.125,12.514,19.846,11.857,4.915,9.804,9.315,6.444,3.707,7.381,5.082,6.067,6.658,5.383,8.047,9.427,8.042,4.234,3.831,3.672,2023
738,TZA,PCPI,Tanzania,"Inflation, average consumer prices",Index,Units,1.145,1.439,1.855,2.358,3.209,4.278,5.664,7.357,9.652,12.143,16.563,20.736,25.029,31.561,43.523,55.174,66.788,77.566,87.478,94.379,100,105.147,109.937,114.806,119.558,124.769,133.816,143.22,157.938,177.118,189.855,213.95,248.184,267.715,284.132,300.011,315.52,332.304,343.963,355.822,367.525,381.086,397.665,412.773,426.161,2023
738,TZA,PCPIPCH,Tanzania,"Inflation, average consumer prices",Percent change,Units,30.2,25.7,28.9,27.1,36.1,33.3,32.4,29.9,31.2,25.8,36.4,25.2,20.7,26.1,37.9,26.77,21.049,16.138,12.778,7.889,5.956,5.147,4.555,4.429,4.138,4.359,7.251,7.028,10.276,12.144,7.192,12.691,16.001,7.87,6.132,5.588,5.17,5.319,3.509,3.448,3.289,3.69,4.35,3.799,3.243,2023
738,TZA,PCPIE,Tanzania,"Inflation, end of period consumer prices",Index,Units,1.212,1.531,1.889,2.54,3.241,4.511,5.797,7.67,10.031,13.728,16.284,22.433,27.085,34.156,47.125,59.741,69.029,79.627,88.593,94.761,100,104.854,109.472,114.467,119.163,125.1,133.431,142,161.133,180.833,190.874,228.58,256.15,270.395,283.246,302.586,317.862,330.453,341.194,354.329,365.505,380.709,399.179,411.262,426.451,2023
738,TZA,PCPIEPCH,Tanzania,"Inflation, end of period consumer prices",Percent change,Units,n/a,26.29,23.404,34.483,27.564,39.196,28.52,32.303,30.786,36.851,18.624,37.76,20.736,26.108,37.972,26.771,15.546,15.353,11.26,6.962,5.529,4.854,4.404,4.563,4.102,4.982,6.659,6.423,13.474,12.226,5.553,19.754,12.062,5.561,4.752,6.828,5.049,3.961,3.25,3.85,3.154,4.16,4.851,3.027,3.693,2023
578,THA,PCPI,Thailand,"Inflation, average consumer prices",Index,Units,26.504,29.868,31.437,32.653,32.936,33.679,34.3,35.18,36.502,38.498,40.746,43.105,44.836,46.352,48.695,51.518,54.518,57.587,62.171,62.319,63.377,64.398,64.823,66.001,67.855,70.886,74.228,75.833,79.993,79.298,81.915,85.037,87.596,89.511,91.207,90.388,90.556,91.158,92.13,92.78,91.995,93.128,98.786,100,100.398,2024
578,THA,PCPIPCH,Thailand,"Inflation, average consumer prices",Percent change,Units,19.7,12.693,5.251,3.868,0.868,2.257,1.843,2.566,3.757,5.468,5.84,5.79,4.015,3.381,5.056,5.796,5.825,5.628,7.96,0.239,1.697,1.612,0.659,1.818,2.809,4.467,4.714,2.163,5.486,-0.869,3.3,3.811,3.009,2.186,1.895,-0.898,0.186,0.664,1.067,0.706,-0.846,1.231,6.076,1.229,0.398,2024
578,THA,PCPIE,Thailand,"Inflation, end of period consumer prices",Index,Units,30.6,34.3,35.2,36.6,36.3,37.6,38.3,39.7,40.9,43.5,41.84,43.79,45.18,47.13,49.36,53.07,55.58,59.75,62.35,62.72,63.74,64.11,65.13,66.34,68.29,72.18,74.88,77.1,77.47,80.16,82.64,85.56,88.66,90.15,90.69,89.91,90.92,91.62,91.95,92.75,92.5,94.51,100.08,99.24,100.47,2024
578,THA,PCPIEPCH,Thailand,"Inflation, end of period consumer prices",Percent change,Units,n/a,12.092,2.624,3.977,-0.82,3.581,1.862,3.655,3.023,6.357,-3.816,4.661,3.174,4.316,4.732,7.516,4.73,7.503,4.351,0.593,1.626,0.58,1.591,1.858,2.939,5.696,3.741,2.965,0.48,3.472,3.094,3.533,3.623,1.681,0.599,-0.86,1.123,0.77,0.36,0.87,-0.27,2.173,5.894,-0.839,1.239,2024
537,TLS,PCPI,Timor-Leste,"Inflation, average consumer prices",Index,Units,n/a,n/a,n/a,n/a,n/a,n/a,n/a,n/a,n/a,n/a,n/a,n/a,n/a,n/a,n/a,n/a,n/a,n/a,n/a,n/a,45.362,46.99,48.911,52.832,54,54.87,57.741,62.729,67.388,67.247,70.729,80.047,88.8,97.192,98.017,98.65,97.2,97.708,99.95,100.842,101.333,105.158,112.525,122,124.517,2024
537,TLS,PCPIPCH,Timor-Leste,"Inflation, average consumer prices",Percent change,Units,n/a,n/a,n/a,n/a,n/a,n/a,n/a,n/a,n/a,n/a,n/a,n/a,n/a,n/a,n/a,n/a,n/a,n/a,n/a,n/a,n/a,3.589,4.087,8.017,2.21,1.612,5.232,8.639,7.427,-0.209,5.178,13.174,10.935,9.451,0.849,0.646,-1.47,0.523,2.294,0.892,0.488,3.775,7.005,8.42,2.063,2024
537,TLS,PCPIE,Timor-Leste,"Inflation, end of period consumer prices",Index,Units,n/a,n/a,n/a,n/a,n/a,n/a,n/a,n/a,n/a,n/a,n/a,n/a,n/a,n/a,n/a,n/a,n/a,n/a,n/a,n/a,45.861,48.627,51.376,54.192,55.564,56.137,59.867,64.458,68.474,69.144,74.691,86.262,94.2,98,98.3,97.7,97.7,98.3,100.4,100.7,101.9,107.3,114.7,124.7,124.2,2024
537,TLS,PCPIEPCH,Timor-Leste,"Inflation, end of period consumer prices",Percent change,Units,n/a,n/a,n/a,n/a,n/a,n/a,n/a,n/a,n/a,n/a,n/a,n/a,n/a,n/a,n/a,n/a,n/a,n/a,n/a,n/a,n/a,6.03,5.654,5.48,2.532,1.033,6.644,7.668,6.231,0.978,8.022,15.493,9.202,4.034,0.306,-0.61,0,0.614,2.136,0.299,1.192,5.299,6.897,8.718,-0.401,2024
742,TGO,PCPI,Togo,"Inflation, average consumer prices",Index,Units,27.627,33.074,36.755,40.193,38.776,38.072,39.643,39.664,39.604,39.228,39.671,39.765,40.41,40.374,54.61,63.236,66.143,69.653,70.333,70.295,71.397,75.019,77.067,76.349,76.866,80.937,81.813,82.167,88.485,92.084,92.279,95.562,98.084,99.813,100,101.79,102.663,102.441,103.392,104.102,106.008,110.83,119.27,125.592,129.736,2024
742,TGO,PCPIPCH,Togo,"Inflation, average consumer prices",Percent change,Units,12.32,19.716,11.13,9.355,-3.527,-1.815,4.125,0.054,-0.151,-0.951,1.13,0.238,1.622,-0.089,35.259,15.797,4.596,5.307,0.975,-0.053,1.567,5.074,2.73,-0.932,0.677,5.295,1.082,0.433,7.69,4.067,0.212,3.558,2.639,1.763,0.187,1.79,0.857,-0.215,0.928,0.687,1.831,4.548,7.616,5.3,3.3,2024
742,TGO,PCPIE,Togo,"Inflation, end of period consumer prices",Index,Units,29.816,33.085,38.578,38.511,37.305,39.011,39.559,39.361,39.634,38.452,39.042,41.008,40.143,41.086,61.012,64.912,68.097,70.162,69.186,72.307,71.417,76.103,77.226,75.933,78.717,81.532,82.061,84.553,91.908,93.519,94.974,96.362,99.165,98.665,100.472,102.103,102.551,101.853,103.879,103.538,107.2,113.8,122.581,125.784,128.5,2024
742,TGO,PCPIEPCH,Togo,"Inflation, end of period consumer prices",Percent change,Units,n/a,10.966,16.601,-0.173,-3.132,4.573,1.403,-0.498,0.691,-2.981,1.534,5.035,-2.109,2.351,48.498,6.393,4.906,3.032,-1.391,4.511,-1.231,6.561,1.476,-1.675,3.667,3.575,0.649,3.038,8.698,1.753,1.556,1.461,2.909,-0.504,1.831,1.624,0.438,-0.68,1.989,-0.329,3.537,6.157,7.716,2.613,2.159,2024
866,TON,PCPI,Tonga,"Inflation, average consumer prices",Index,Units,8.729,10.029,11.121,12.203,13.168,13.853,17.99,19.375,21.376,22.224,23.476,26.744,29.043,29.569,30.728,30.581,31.399,31.577,32.482,33.757,35.421,37.99,41.784,46.242,51.68,56.839,60.958,64.03,70.188,74.034,75.274,79.805,82.426,82.983,84.88,84.926,84.399,90.476,96.612,99.786,100.208,101.625,110.283,121.506,127.201,2024
866,TON,PCPIPCH,Tonga,"Inflation, average consumer prices",Percent change,Units,-7.348,14.9,10.879,9.733,7.908,5.201,29.867,7.697,10.326,3.968,5.632,13.921,8.597,1.81,3.922,-0.48,2.674,0.568,2.868,3.922,4.932,7.252,9.988,10.669,11.759,9.982,7.246,5.04,9.616,5.481,1.674,6.02,3.285,0.675,2.286,0.054,-0.621,7.201,6.782,3.286,0.423,1.414,8.52,10.176,4.687,2024
866,TON,PCPIE,Tonga,"Inflation, end of period consumer prices",Index,Units,n/a,n/a,11.634,12.093,12.736,14.328,18.247,18.706,21.247,22.105,23.635,26.904,29.169,28.382,30.534,30.524,31.477,32.1,33.136,34.606,36.681,39.116,43.304,48.609,53.511,58.14,61.862,65.372,73.344,74.245,76.273,81.676,83.555,83.712,84.965,85.121,85.304,93.657,99.922,99.8,98.4,105.2,117.1,125.745,132.5,2024
866,TON,PCPIEPCH,Tonga,"Inflation, end of period consumer prices",Percent change,Units,n/a,n/a,n/a,3.947,5.316,12.5,27.35,2.517,13.584,4.035,6.925,13.831,8.418,-2.698,7.58,-0.032,3.122,1.979,3.229,4.436,5.995,6.638,10.706,12.25,10.084,8.651,6.401,5.675,12.195,1.228,2.731,7.084,2.301,0.187,1.497,0.184,0.214,9.792,6.689,-0.122,-1.403,6.911,11.312,7.382,5.372,2024
369,TTO,PCPI,Trinidad and Tobago,"Inflation, average consumer prices",Index,Units,9.175,10.489,11.71,13.487,15.285,16.45,17.716,19.621,21.143,23.56,26.167,27.161,28.923,32.044,34.868,36.707,37.913,39.301,41.503,42.92,44.433,46.922,48.865,50.713,52.618,56.237,60.91,65.706,73.614,78.775,87.075,91.508,100,105.189,111.182,116.362,119.933,122.192,123.437,124.672,125.419,128.004,135.462,141.733,142.408,2024
369,TTO,PCPIPCH,Trinidad and Tobago,"Inflation, average consumer prices",Percent change,Units,17.47,14.332,11.635,15.175,13.335,7.623,7.694,10.752,7.758,11.432,11.064,3.8,6.486,10.791,8.814,5.272,3.286,3.662,5.603,3.414,3.524,5.602,4.142,3.781,3.757,6.878,8.308,7.875,12.036,7.01,10.537,5.091,9.28,5.189,5.698,4.659,3.069,1.884,1.019,1.001,0.599,2.061,5.826,4.629,0.477,2024
369,TTO,PCPIE,Trinidad and Tobago,"Inflation, end of period consumer prices",Index,Units,6.245,7.143,9.845,9.652,8.887,8.125,8.412,8.002,7.728,7.95,8.409,27.242,29.625,33.598,35.414,36.776,38.365,39.728,41.884,43.36,45.743,47.219,49.262,50.738,53.575,57.435,62.656,67.423,77.185,78.207,88.649,93.303,100,105.675,114.529,116.345,119.977,121.566,122.815,123.269,124.291,128.604,139.841,140.863,141.544,2024
369,TTO,PCPIEPCH,Trinidad and Tobago,"Inflation, end of period consumer prices",Percent change,Units,n/a,14.384,37.831,-1.964,-7.925,-8.569,3.528,-4.874,-3.421,2.865,5.774,223.966,8.75,13.41,5.405,3.846,4.321,3.55,5.429,3.523,5.497,3.226,4.327,2.995,5.593,7.203,9.091,7.609,14.478,1.324,13.353,5.25,7.178,5.675,8.378,1.586,3.122,1.325,1.027,0.37,0.829,3.47,8.738,0.731,0.483,2024
744,TUN,PCPI,Tunisia,"Inflation, average consumer prices",Index,Units,16.806,18.302,20.804,22.671,24.62,26.479,28.11,30.421,32.598,35.115,37.399,40.276,42.498,44.215,46.613,49.518,51.366,53.215,54.865,56.384,57.946,59.073,60.676,62.326,64.627,65.895,68.625,70.973,74.462,77.098,80.46,83.067,86.898,91.518,95.751,100,103.629,109.131,117.106,124.977,132.02,139.554,151.148,165.24,176.818,2024
744,TUN,PCPIPCH,Tunisia,"Inflation, average consumer prices",Percent change,Units,10.011,8.903,13.673,8.972,8.596,7.551,6.159,8.224,7.156,7.722,6.502,7.693,5.518,4.04,5.423,6.232,3.733,3.599,3.102,2.768,2.77,1.945,2.714,2.72,3.692,1.962,4.143,3.421,4.915,3.541,4.361,3.24,4.612,5.316,4.626,4.437,3.629,5.309,7.308,6.722,5.635,5.707,8.308,9.323,7.007,2024
744,TUN,PCPIE,Tunisia,"Inflation, end of period consumer prices",Index,Units,n/a,n/a,n/a,n/a,n/a,n/a,n/a,n/a,n/a,n/a,39.107,41.675,43.658,45.729,48.286,51.013,52.64,54.616,56.121,57.709,58.684,60.374,61.34,64.077,64.882,67.136,69.39,72.932,75.911,79.05,81.801,84.621,89.168,93.828,97.997,101.74,106.03,112.554,120.988,128.342,134.607,143.499,157.976,170.795,181.31,2024
744,TUN,PCPIEPCH,Tunisia,"Inflation, end of period consumer prices",Percent change,Units,n/a,n/a,n/a,n/a,n/a,n/a,n/a,n/a,n/a,n/a,n/a,6.565,4.759,4.745,5.59,5.648,3.19,3.754,2.755,2.83,1.689,2.881,1.6,4.462,1.256,3.474,3.357,5.104,4.084,4.136,3.48,3.448,5.373,5.225,4.444,3.819,4.217,6.154,7.493,6.078,4.881,6.606,10.089,8.114,6.157,2024
186,TUR,PCPI,Türkiye,"Inflation, average consumer prices",Index,Units,0.003,0.004,0.005,0.007,0.01,0.015,0.02,0.027,0.047,0.077,0.124,0.206,0.35,0.582,1.19,2.256,4.066,7.548,13.943,22.988,35.64,54.973,79.785,100,108.599,117.482,128.757,140.031,154.656,164.323,178.4,189.946,206.835,222.333,242.02,260.585,280.846,312.144,363.125,418.236,469.591,561.614,967.711,"1,488.91","2,360.03",2024
186,TUR,PCPIPCH,Türkiye,"Inflation, average consumer prices",Percent change,Units,110.638,36.364,31.111,31.335,48.378,44.506,34.617,38.851,73.668,63.267,60.317,65.967,70.073,66.097,104.54,89.566,80.236,85.653,84.721,64.87,55.035,54.246,45.134,25.337,8.599,8.179,9.597,8.756,10.444,6.251,8.566,6.472,8.892,7.493,8.855,7.671,7.775,11.144,16.332,15.177,12.279,19.596,72.309,53.859,58.506,2024
186,TUR,PCPIE,Türkiye,"Inflation, end of period consumer prices",Index,Units,n/a,n/a,n/a,n/a,n/a,0.017,0.022,0.035,0.058,0.095,0.153,0.261,0.434,0.742,1.6,2.82,5.08,10.11,17.15,28.95,40.24,67.8,87.94,104.124,113.863,122.65,134.49,145.77,160.44,170.91,181.85,200.85,213.23,229.01,247.72,269.54,292.54,327.41,393.88,440.5,504.81,686.95,"1,128.45","1,859.38","2,684.55",2024
186,TUR,PCPIEPCH,Türkiye,"Inflation, end of period consumer prices",Percent change,Units,n/a,n/a,n/a,n/a,n/a,n/a,30.698,55.027,66.227,64.267,60.425,71.132,65.967,71.076,115.7,76.25,80.142,99.016,69.634,68.805,38.998,68.489,29.705,18.403,9.353,7.717,9.653,8.387,10.064,6.526,6.401,10.448,6.164,7.4,8.17,8.808,8.533,11.92,20.302,11.836,14.599,36.081,64.27,64.773,44.379,2024
925,TKM,PCPI,Turkmenistan,"Inflation, average consumer prices",Index,Units,n/a,n/a,n/a,n/a,n/a,n/a,n/a,n/a,n/a,n/a,n/a,n/a,0.001,0.022,0.404,4.461,48.731,89.529,104.545,129.077,139.455,155.676,169.303,178.762,189.282,209.551,226.644,240.83,275.844,268.474,280.413,295.21,310.897,332.081,352.034,378.101,391.691,423.186,479.47,503.882,534.62,638.759,710.371,699.093,732.636,2022
925,TKM,PCPIPCH,Turkmenistan,"Inflation, average consumer prices",Percent change,Units,n/a,n/a,n/a,n/a,n/a,n/a,n/a,n/a,n/a,n/a,n/a,n/a,n/a,"3,102.40","1,748.30","1,005.26",992.389,83.722,16.771,23.465,8.04,11.632,8.753,5.587,5.885,10.708,8.157,6.259,14.539,-2.672,4.447,5.277,5.314,6.814,6.009,7.405,3.594,8.041,13.3,5.092,6.1,19.479,11.211,-1.588,4.798,2022
925,TKM,PCPIE,Turkmenistan,"Inflation, end of period consumer prices",Index,Units,n/a,n/a,n/a,n/a,n/a,n/a,n/a,n/a,n/a,n/a,n/a,n/a,n/a,0.069,0.992,13.507,73.717,89.554,107.308,128.918,138.421,154.68,166.753,171.855,187.322,206.717,221.389,240.534,262.028,262.415,274.94,290.249,312.98,325.506,339.887,360.299,382.332,422.169,452.565,480.926,523.728,634.425,653.67,662.784,703.056,2022
925,TKM,PCPIEPCH,Turkmenistan,"Inflation, end of period consumer prices",Percent change,Units,n/a,n/a,n/a,n/a,n/a,n/a,n/a,n/a,n/a,n/a,n/a,n/a,n/a,n/a,"1,327.95","1,261.54",445.756,21.483,19.826,20.138,7.372,11.746,7.805,3.059,9,10.354,7.098,8.648,8.936,0.148,4.773,5.568,7.832,4.002,4.418,6.005,6.115,10.419,7.2,6.267,8.9,21.136,3.034,1.394,6.076,2022
869,TUV,PCPI,Tuvalu,"Inflation, average consumer prices",Index,Units,n/a,n/a,n/a,n/a,n/a,n/a,n/a,n/a,n/a,n/a,n/a,n/a,n/a,n/a,n/a,n/a,n/a,n/a,n/a,n/a,100,101.531,106.659,109.767,112.368,115.988,120.847,123.609,136.518,136.131,133.609,134.277,136.177,138.927,140.49,144.901,149.961,156.089,159.46,165.029,167.62,178.828,200.617,215.004,217.509,2024
869,TUV,PCPIPCH,Tuvalu,"Inflation, average consumer prices",Percent change,Units,n/a,n/a,n/a,n/a,n/a,n/a,n/a,n/a,n/a,n/a,n/a,n/a,n/a,n/a,n/a,n/a,n/a,n/a,n/a,n/a,n/a,1.531,5.051,2.914,2.369,3.221,4.19,2.285,10.443,-0.283,-1.853,0.5,1.415,2.02,1.124,3.14,3.492,4.087,2.16,3.492,1.57,6.687,12.184,7.172,1.165,2024
869,TUV,PCPIE,Tuvalu,"Inflation, end of period consumer prices",Index,Units,n/a,n/a,n/a,n/a,n/a,n/a,n/a,n/a,n/a,n/a,n/a,n/a,n/a,n/a,n/a,n/a,n/a,n/a,n/a,n/a,100,104.635,104.661,110.717,113.098,117.53,124.722,125.32,140.782,135.116,132.75,135.046,136.869,141.145,141.747,147.418,151.207,157.777,161.449,167.427,167.595,184.003,209.117,218.446,228.191,2024
869,TUV,PCPIEPCH,Tuvalu,"Inflation, end of period consumer prices",Percent change,Units,n/a,n/a,n/a,n/a,n/a,n/a,n/a,n/a,n/a,n/a,n/a,n/a,n/a,n/a,n/a,n/a,n/a,n/a,n/a,n/a,n/a,4.635,0.024,5.787,2.151,3.918,6.12,0.479,12.339,-4.025,-1.751,1.729,1.35,3.124,0.426,4.001,2.57,4.345,2.327,3.703,0.1,9.79,13.649,4.461,4.461,2024
746,UGA,PCPI,Uganda,"Inflation, average consumer prices",Index,Units,0.006,0.012,0.024,0.059,0.069,0.138,0.337,1.063,2.835,6.543,9.514,11.495,16.351,21.251,22.495,24.021,25.827,27.823,29.446,31.142,32.195,32.814,32.715,35.565,36.869,40.04,42.931,45.545,51.031,57.673,59.97,71.16,81.13,85.565,89.236,92.531,97.314,102.741,105.36,107.612,110.58,113.02,121.149,127.633,131.875,2023
746,UGA,PCPIPCH,Uganda,"Inflation, average consumer prices",Percent change,Units,99.203,100,100,150,16.711,100,143.8,215.4,166.7,130.8,45.4,20.819,42.248,29.969,5.85,6.787,7.516,7.729,5.834,5.759,3.382,1.922,-0.3,8.71,3.666,8.602,7.219,6.09,12.044,13.017,3.983,18.659,14.011,5.467,4.29,3.692,5.169,5.576,2.549,2.137,2.758,2.207,7.192,5.352,3.323,2023
746,UGA,PCPIE,Uganda,"Inflation, end of period consumer prices",Index,Units,n/a,0.012,0.024,0.059,0.071,0.178,0.44,1.499,4.473,7.924,10.053,13.303,22.124,21.602,23.256,25.922,27.331,30.182,29.91,32.439,33.807,32.312,34.16,36.178,39.074,40.509,44.918,47.246,53.971,59.874,61.72,78.39,82.5,88.06,89.64,95.42,100.81,103.84,106.25,108.77,111.442,114.652,126.383,129.672,133.912,2023
746,UGA,PCPIEPCH,Uganda,"Inflation, end of period consumer prices",Percent change,Units,n/a,n/a,100,150,20,150,146.667,240.541,198.413,77.128,26.877,32.325,66.31,-2.358,7.657,11.463,5.433,10.433,-0.9,8.454,4.218,-4.424,5.722,5.907,8.004,3.673,10.884,5.183,14.234,10.938,3.083,27.009,5.243,6.739,1.794,6.448,5.649,3.006,2.321,2.372,2.457,2.88,10.231,2.603,3.269,2023
926,UKR,PCPI,Ukraine,"Inflation, average consumer prices",Index,Units,n/a,n/a,n/a,n/a,n/a,n/a,n/a,n/a,n/a,n/a,n/a,n/a,"1,309.96","63,334.92","6,27,768.34","29,92,861.51","53,94,047.46","62,50,944.87","69,12,117.43","84,80,039.41","1,08,71,673.13","1,21,71,795.75","1,22,63,987.49","1,29,02,927.67","1,40,68,871.02","1,59,71,002.72","1,74,20,464.79","1,96,57,766.63","2,46,11,788.74","2,85,24,973.50","3,11,96,306.17","3,36,78,925.09","3,38,69,340.55","3,37,80,943.69","3,78,68,272.91","5,63,03,884.05","6,41,37,482.21","7,34,01,082.84","8,14,36,069.32","8,78,57,948.11","9,02,64,859.78","9,87,14,214.84","11,86,37,447.35","13,38,83,456.60","14,25,90,973.99",2024
926,UKR,PCPIPCH,Ukraine,"Inflation, average consumer prices",Percent change,Units,n/a,n/a,n/a,n/a,n/a,n/a,n/a,n/a,n/a,n/a,n/a,n/a,n/a,"4,734.88",891.188,376.746,80.23,15.886,10.577,22.684,28.203,11.959,0.757,5.21,9.036,13.52,9.076,12.843,25.201,15.9,9.365,7.958,0.565,-0.261,12.1,48.684,13.913,14.443,10.947,7.886,2.74,9.361,20.183,12.851,6.504,2024
926,UKR,PCPIE,Ukraine,"Inflation, end of period consumer prices",Index,Units,n/a,n/a,n/a,n/a,n/a,n/a,n/a,n/a,n/a,n/a,n/a,n/a,"2,925.59","3,00,018.31","15,03,447.33","42,34,469.61","59,16,546.99","65,15,141.08","78,17,698.86","93,19,855.59","1,17,25,868.83","1,24,43,714.56","1,23,72,958.84","1,33,92,822.86","1,50,41,301.19","1,65,97,564.80","1,85,26,993.01","2,16,00,530.77","2,64,19,749.87","2,96,71,978.51","3,23,70,877.33","3,38,47,065.64","3,37,78,526.73","3,39,46,126.39","4,23,88,383.41","6,07,48,059.08","6,82,57,399.30","7,75,87,328.49","8,51,73,122.12","8,86,25,805.75","9,30,50,297.99","10,23,69,595.79","12,96,03,229.21","13,61,92,003.25","15,25,08,080.03",2024
926,UKR,PCPIEPCH,Ukraine,"Inflation, end of period consumer prices",Percent change,Units,n/a,n/a,n/a,n/a,n/a,n/a,n/a,n/a,n/a,n/a,n/a,n/a,n/a,"10,154.97",401.119,181.651,39.723,10.117,19.993,19.215,25.816,6.122,-0.569,8.243,12.309,10.347,11.625,16.59,22.311,12.31,9.096,4.56,-0.202,0.496,24.87,43.313,12.361,13.669,9.777,4.054,4.992,10.015,26.603,5.084,11.98,2024
466,ARE,PCPI,United Arab Emirates,"Inflation, average consumer prices",Index,Units,66.7,72,77.1,78.1,80,82.8,87.3,92.1,96.7,99.4,100,103.4,110,115.8,122.4,127.7,131.5,135.4,138.1,141,142.9,146.901,151.188,155.904,163.763,173.909,190.057,211.206,237.097,225.895,227.88,229.875,231.398,233.953,239.441,249.181,253.214,258.192,266.12,260.972,255.554,255.265,267.588,271.934,276.67,2024
466,ARE,PCPIPCH,United Arab Emirates,"Inflation, average consumer prices",Percent change,Units,10.066,7.946,7.083,1.297,2.433,3.5,5.435,5.498,4.995,2.792,0.604,3.4,6.383,5.273,5.699,4.33,2.976,2.966,1.994,2.1,1.348,2.8,2.918,3.119,5.041,6.195,9.285,11.128,12.258,-4.725,0.879,0.876,0.663,1.104,2.346,4.068,1.619,1.966,3.071,-1.934,-2.076,-0.113,4.827,1.624,1.742,2024
466,ARE,PCPIE,United Arab Emirates,"Inflation, end of period consumer prices",Index,Units,n/a,n/a,n/a,n/a,n/a,n/a,n/a,n/a,n/a,n/a,102.5,108.78,115.27,120.46,125.46,129.92,132.93,135.34,137.64,142,145.6,149.6,153.83,157.028,164.944,174.887,195.921,217.969,237.158,237.632,241.725,242.101,243.557,247.071,254.751,263.912,268.184,273.455,281.852,276.4,270.662,270.355,283.407,288.009,293.026,2024
466,ARE,PCPIEPCH,United Arab Emirates,"Inflation, end of period consumer prices",Percent change,Units,n/a,n/a,n/a,n/a,n/a,n/a,n/a,n/a,n/a,n/a,n/a,6.127,5.966,4.502,4.151,3.555,2.317,1.813,1.699,3.168,2.535,2.747,2.828,2.079,5.041,6.028,12.027,11.253,8.804,0.2,1.722,0.156,0.601,1.443,3.108,3.596,1.619,1.966,3.071,-1.934,-2.076,-0.113,4.827,1.624,1.742,2024
112,GBR,PCPI,United Kingdom,"Inflation, average consumer prices",Index,Units,31.268,35.079,38.064,40.043,41.824,43.982,45.577,47.43,49.618,52.206,55.86,60.06,62.602,64.188,65.467,67.189,68.819,70.074,71.166,72.111,72.685,73.582,74.508,75.523,76.538,78.112,79.931,81.788,84.733,86.568,89.423,93.415,96.057,98.521,99.96,100,100.66,103.361,105.922,107.819,108.736,111.551,121.665,130.55,133.853,2024
112,GBR,PCPIPCH,United Kingdom,"Inflation, average consumer prices",Percent change,Units,16.849,12.189,8.511,5.198,4.448,5.16,3.626,4.066,4.612,5.216,6.999,7.519,4.232,2.533,1.994,2.63,2.425,1.825,1.557,1.329,0.796,1.234,1.259,1.362,1.344,2.057,2.329,2.323,3.602,2.165,3.298,4.464,2.828,2.565,1.461,0.04,0.66,2.683,2.478,1.791,0.851,2.588,9.067,7.303,2.53,2024
112,GBR,PCPIE,United Kingdom,"Inflation, end of period consumer prices",Index,Units,31.8,35.622,37.532,39.534,41.354,43.674,45.312,46.995,50.608,53.393,57.46,61.599,63.17,64.692,66.015,67.964,69.519,70.708,71.808,72.615,73.2,73.975,75.204,76.159,77.433,78.918,81.274,82.967,85.498,87.972,91.23,95.059,97.604,99.589,100.134,100.336,101.9,104.929,107.137,108.532,109.171,115.051,127.164,132.242,135.552,2024
112,GBR,PCPIEPCH,United Kingdom,"Inflation, end of period consumer prices",Percent change,Units,15.157,12.017,5.364,5.333,4.603,5.611,3.75,3.715,7.688,5.503,7.617,7.203,2.55,2.409,2.045,2.952,2.288,1.71,1.556,1.124,0.806,1.059,1.661,1.27,1.673,1.918,2.985,2.083,3.051,2.894,3.703,4.197,2.677,2.034,0.547,0.202,1.559,2.973,2.104,1.302,0.589,5.386,10.528,3.993,2.503,2024
111,USA,PCPI,United States,"Inflation, average consumer prices",Index,Units,82.383,90.933,96.533,99.583,103.933,107.6,109.692,113.617,118.275,123.942,130.658,136.167,140.308,144.475,148.225,152.383,156.858,160.525,163.008,166.583,172.192,177.042,179.867,184,188.908,195.267,201.558,207.344,215.254,214.565,218.076,224.923,229.586,232.952,236.715,237.002,240.005,245.121,251.1,255.653,258.856,270.968,292.625,304.704,313.698,2024
111,USA,PCPIPCH,United States,"Inflation, average consumer prices",Percent change,Units,13.502,10.378,6.158,3.16,4.368,3.528,1.944,3.578,4.1,4.791,5.419,4.216,3.042,2.97,2.596,2.805,2.937,2.338,1.547,2.193,3.367,2.817,1.596,2.298,2.668,3.366,3.222,2.871,3.815,-0.32,1.637,3.14,2.073,1.466,1.615,0.121,1.267,2.131,2.439,1.813,1.253,4.679,7.993,4.128,2.952,2024
111,USA,PCPIE,United States,"Inflation, end of period consumer prices",Index,Units,86.75,94.183,97.967,101.817,105.783,109.283,111.133,115.783,120.983,126.95,134.267,138.2,142.55,146.333,150.317,154.383,159.15,161.833,164.433,169.267,175.067,177.783,182.433,185.917,191.883,198.95,203.325,211.63,213.113,217.202,220.871,227.687,231.834,234.892,236.122,237.763,242.987,248.28,253.048,258.353,262.389,281.782,299.845,309.566,318.021,2024
111,USA,PCPIEPCH,United States,"Inflation, end of period consumer prices",Percent change,Units,11.887,8.569,4.017,3.93,3.896,3.309,1.693,4.184,4.491,4.932,5.763,2.929,3.148,2.654,2.722,2.705,3.088,1.686,1.607,2.939,3.427,1.552,2.616,1.909,3.209,3.683,2.199,4.084,0.701,1.919,1.689,3.086,1.822,1.319,0.524,0.695,2.197,2.178,1.921,2.096,1.562,7.391,6.41,3.242,2.731,2024
298,URY,PCPI,Uruguay,"Inflation, average consumer prices",Index,Units,0.007,0.009,0.011,0.017,0.026,0.044,0.078,0.128,0.207,0.374,0.796,1.607,2.707,4.172,6.038,8.589,11.023,13.208,14.635,15.463,16.202,16.908,19.269,23.003,25.113,26.293,27.972,30.242,32.624,34.93,37.268,40.284,43.547,47.282,51.479,55.938,61.33,65.146,70.101,75.627,83.003,89.436,97.58,103.304,108.314,2024
298,URY,PCPIPCH,Uruguay,"Inflation, average consumer prices",Percent change,Units,63.475,34.046,18.991,49.198,55.305,72.222,76.38,63.567,62.192,80.447,112.526,101.972,68.456,54.081,44.736,42.248,28.342,19.819,10.808,5.66,4.775,4.357,13.968,19.379,9.169,4.699,6.386,8.115,7.878,7.068,6.694,8.092,8.099,8.577,8.878,8.66,9.64,6.222,7.606,7.883,9.754,7.75,9.106,5.866,4.85,2024
298,URY,PCPIE,Uruguay,"Inflation, end of period consumer prices",Index,Units,0.008,0.01,0.012,0.019,0.031,0.057,0.098,0.154,0.261,0.493,1.129,2.049,3.256,4.978,7.172,9.715,12.078,13.91,15.11,15.74,16.54,17.13,21.58,23.78,25.58,26.83,28.54,30.97,33.82,35.82,38.3,41.59,44.7,48.51,52.52,57.48,62.13,66.2,71.47,77.76,85.07,91.85,99.47,104.55,110.29,2024
298,URY,PCPIEPCH,Uruguay,"Inflation, end of period consumer prices",Percent change,Units,42.82,29.361,20.532,51.511,66.125,83.001,70.652,57.285,69.007,89.177,128.954,81.449,58.911,52.882,44.091,35.443,24.328,15.169,8.627,4.169,5.083,3.567,25.978,10.195,7.569,4.887,6.373,8.514,9.202,5.914,6.924,8.59,7.478,8.523,8.266,9.444,8.09,6.551,7.961,8.801,9.401,7.97,8.296,5.107,5.49,2024
927,UZB,PCPI,Uzbekistan,"Inflation, average consumer prices",Index,Units,n/a,n/a,n/a,n/a,n/a,n/a,n/a,n/a,n/a,n/a,n/a,n/a,0.004,0.022,0.371,1.502,2.313,3.952,5.097,6.58,8.226,10.467,13.324,14.989,16.087,17.808,20.143,22.39,25.329,28.444,31.944,35.92,40.194,44.897,48.973,53.119,57.805,65.826,77.362,88.599,100,110.849,123.538,135.838,148.913,2024
927,UZB,PCPIPCH,Uzbekistan,"Inflation, average consumer prices",Percent change,Units,n/a,n/a,n/a,n/a,n/a,n/a,n/a,n/a,n/a,n/a,n/a,n/a,n/a,534.18,"1,568.33",304.597,53.961,70.857,28.981,29.103,25.006,27.251,27.291,12.494,7.325,10.703,13.109,11.154,13.128,12.298,12.304,12.447,11.9,11.7,9.079,8.464,8.824,13.876,17.524,14.526,12.868,10.849,11.447,9.957,9.626,2024
927,UZB,PCPIE,Uzbekistan,"Inflation, end of period consumer prices",Index,Units,n/a,n/a,n/a,n/a,n/a,n/a,n/a,n/a,n/a,n/a,n/a,n/a,0.006,0.062,0.851,1.846,3.034,4.558,5.747,7.239,9.279,11.736,14.266,15.513,16.95,18.878,20.932,23.414,26.652,29.946,33.51,38.07,42.187,46.744,51.062,55.365,60.791,72.209,82.509,95.041,105.654,116.202,130.445,141.856,155.741,2024
927,UZB,PCPIEPCH,Uzbekistan,"Inflation, end of period consumer prices",Percent change,Units,n/a,n/a,n/a,n/a,n/a,n/a,n/a,n/a,n/a,n/a,n/a,n/a,n/a,884.782,"1,281.43",116.917,64.374,50.227,26.07,25.97,28.182,26.483,21.557,8.74,9.261,11.377,10.88,11.855,13.833,12.356,11.901,13.61,10.813,10.804,9.237,8.427,9.801,18.782,14.265,15.189,11.167,9.983,12.257,8.748,9.788,2024
846,VUT,PCPI,Vanuatu,"Inflation, average consumer prices",Index,Units,34.558,43.835,46.76,47.533,50.155,50.69,53.106,61.624,67.022,72.215,75.652,80.546,83.815,86.803,88.802,90.782,91.623,94.201,97.55,99.5,102.025,105.675,107.75,111,112.575,113.925,116.25,120.825,126.675,132.118,135.768,136.955,138.8,140.825,141.95,145.475,146.7,151.2,154.8,159,167.5,171.425,182.875,203.325,211.894,2023
846,VUT,PCPIPCH,Vanuatu,"Inflation, average consumer prices",Percent change,Units,11.24,26.846,6.673,1.653,5.516,1.066,4.766,16.039,8.76,7.748,4.759,6.469,4.058,3.566,2.303,2.23,0.926,2.813,3.556,1.999,2.538,3.578,1.964,3.016,1.419,1.199,2.041,3.935,4.842,4.297,2.763,0.874,1.347,1.459,0.799,2.483,0.842,3.067,2.381,2.713,5.346,2.343,6.679,11.183,4.215,2023
846,VUT,PCPIE,Vanuatu,"Inflation, end of period consumer prices",Index,Units,37.222,47.172,46.605,48.847,50.394,50.858,54.932,64.648,68.46,73.841,77.034,81.368,85.552,87.046,89.363,90.857,90.782,95.415,99.6,99.6,103.7,106.1,108.5,111.7,112.6,114.7,116.9,121.7,128.8,131.926,136.268,137.9,139,141.1,142.6,144.7,147.8,152.7,155.6,161,171.6,172.8,192.2,205.6,212.252,2023
846,VUT,PCPIEPCH,Vanuatu,"Inflation, end of period consumer prices",Percent change,Units,18.361,26.731,-1.202,4.812,3.166,0.921,8.011,17.687,5.896,7.86,4.324,5.626,5.142,1.747,2.661,1.672,-0.082,5.103,4.386,0,4.116,2.314,2.262,2.949,0.806,1.865,1.918,4.106,5.834,2.427,3.291,1.197,0.798,1.511,1.063,1.473,2.142,3.315,1.899,3.47,6.584,0.699,11.227,6.972,3.236,2023
299,VEN,PCPI,Venezuela,"Inflation, average consumer prices",Index,Units,0.001,0.001,0.001,0.001,0.001,0.001,0.002,0.002,0.003,0.005,0.007,0.009,0.012,0.017,0.027,0.043,0.085,0.128,0.174,0.215,0.25,0.281,0.344,0.451,0.549,0.636,0.723,0.858,1.128,1.422,1.823,2.299,2.783,3.914,6.347,14.073,49.953,268.804,"1,75,997.02","3,52,10,006.07","86,44,57,493.19","14,59,64,78,386.42","41,82,50,67,385.22","1,82,96,69,31,848.50","2,72,58,92,35,616.40",2023
299,VEN,PCPIPCH,Venezuela,"Inflation, average consumer prices",Percent change,Units,21.355,16.244,9.607,6.242,12.25,11.382,11.544,28.137,29.468,84.463,40.656,34.205,31.423,38.122,60.817,59.923,99.876,50.04,35.782,23.57,16.206,12.531,22.434,31.091,21.747,15.955,13.663,18.699,31.441,26.041,28.187,26.09,21.069,40.639,62.169,121.738,254.949,438.117,"65,374.08","19,906.02","2,355.15","1,588.51",186.542,337.458,48.983,2023
299,VEN,PCPIE,Venezuela,"Inflation, end of period consumer prices",Index,Units,n/a,n/a,n/a,n/a,0.001,0.001,0.002,0.002,0.003,0.006,0.008,0.01,0.014,0.02,0.034,0.053,0.108,0.149,0.194,0.232,0.264,0.296,0.388,0.494,0.588,0.673,0.787,0.964,1.261,1.577,2.006,2.559,3.073,4.8,8.089,22.72,85.053,818.746,"10,65,682.06","10,32,16,574.08","3,15,82,61,234.43","24,83,60,32,114.61","82,94,88,24,336.70","2,40,53,55,85,125.49","3,53,99,29,31,553.72",2023
299,VEN,PCPIEPCH,Venezuela,"Inflation, end of period consumer prices",Percent change,Units,n/a,n/a,n/a,n/a,n/a,9.122,12.711,40.275,35.51,81.006,36.478,31.018,31.857,45.941,70.836,56.615,103.243,37.609,29.906,20.028,13.431,12.282,31.215,27.084,19.185,14.358,16.966,22.457,30.9,25.057,27.184,27.57,20.068,56.193,68.54,180.87,274.354,862.629,"1,30,060.24","9,585.49","2,959.84",686.383,233.986,189.981,47.169,2023
582,VNM,PCPI,Vietnam,"Inflation, average consumer prices",Index,Units,0.004,0.006,0.013,0.019,0.031,0.059,0.328,1.51,7.165,14.027,19.081,34.693,47.773,51.776,57.15,66.823,70.56,72.744,78.644,81.863,80.402,80.049,83.063,85.646,92.336,100,107.664,116.683,143.882,153.512,167.543,198.849,216.986,231.29,240.744,242.302,248.784,257.544,266.661,274.114,282.94,288.137,297.235,306.904,318.027,2024
582,VNM,PCPIPCH,Vietnam,"Inflation, average consumer prices",Percent change,Units,25.156,69.6,95.401,49.487,64.897,91.602,453.538,360.357,374.354,95.77,36.031,81.817,37.705,8.379,10.378,16.926,5.593,3.095,8.11,4.093,-1.784,-0.439,3.765,3.11,7.812,8.3,7.664,8.377,23.311,6.693,9.14,18.685,9.121,6.592,4.087,0.647,2.675,3.521,3.54,2.795,3.22,1.837,3.157,3.253,3.624,2024
582,VNM,PCPIE,Vietnam,"Inflation, end of period consumer prices",Index,Units,n/a,n/a,n/a,n/a,n/a,n/a,5.103,3.339,12.243,16.487,27.41,45.936,54.023,56.876,65.678,85.292,93.146,92.991,81.046,80.758,80.251,80.706,83.907,86.376,94.797,103.173,110.173,124.149,149.088,158.593,177.236,209.381,223.682,237.15,241.554,243.033,254.546,261.158,268.948,283.02,283.55,288.691,301.823,312.632,321.843,2024
582,VNM,PCPIEPCH,Vietnam,"Inflation, end of period consumer prices",Percent change,Units,n/a,n/a,n/a,n/a,n/a,n/a,n/a,-34.571,266.652,34.668,66.253,67.589,17.605,5.28,15.475,29.864,9.208,-0.166,-12.845,-0.356,-0.628,0.567,3.967,2.942,9.75,8.836,6.785,12.685,20.089,6.376,11.755,18.137,6.83,6.021,1.857,0.612,4.737,2.597,2.983,5.232,0.187,1.813,4.549,3.581,2.946,2024
487,WBG,PCPI,West Bank and Gaza,"Inflation, average consumer prices",Index,Units,n/a,n/a,n/a,n/a,n/a,n/a,n/a,n/a,n/a,n/a,n/a,n/a,n/a,n/a,n/a,n/a,48.775,52.493,55.423,58.495,60.131,60.867,64.338,67.172,69.192,72.857,75.658,77.064,84.687,87.018,90.282,92.878,95.461,97.106,98.788,100.202,99.982,100.195,99.999,101.556,100.833,102.082,105.9,112.118,171.429,2024
487,WBG,PCPIPCH,West Bank and Gaza,"Inflation, average consumer prices",Percent change,Units,n/a,n/a,n/a,n/a,n/a,n/a,n/a,n/a,n/a,n/a,n/a,n/a,n/a,n/a,n/a,n/a,n/a,7.623,5.58,5.544,2.797,1.224,5.704,4.404,3.007,5.297,3.845,1.858,9.891,2.752,3.751,2.876,2.781,1.723,1.733,1.431,-0.22,0.213,-0.195,1.557,-0.711,1.238,3.74,5.872,52.9,2024
487,WBG,PCPIE,West Bank and Gaza,"Inflation, end of period consumer prices",Index,Units,n/a,n/a,n/a,n/a,n/a,n/a,n/a,n/a,n/a,n/a,n/a,n/a,n/a,n/a,n/a,n/a,49.23,53.61,58.81,60.26,60.6,61.72,65.68,68.17,70.84,74.08,76.44,80.12,85.69,89.41,91.93,94.46,96.09,98.69,99.87,100.83,99.78,99.76,100.08,101.35,101.42,102.74,106.94,123.23,231.672,2024
487,WBG,PCPIEPCH,West Bank and Gaza,"Inflation, end of period consumer prices",Percent change,Units,n/a,n/a,n/a,n/a,n/a,n/a,n/a,n/a,n/a,n/a,n/a,n/a,n/a,n/a,n/a,n/a,n/a,8.897,9.7,2.466,0.564,1.848,6.416,3.791,3.917,4.574,3.186,4.814,6.952,4.341,2.818,2.752,1.726,2.706,1.196,0.961,-1.041,-0.02,0.321,1.269,0.069,1.302,4.088,15.233,88,2024
474,YEM,PCPI,Yemen,"Inflation, average consumer prices",Index,Units,n/a,n/a,n/a,n/a,n/a,n/a,n/a,n/a,n/a,n/a,5.183,7.51,11.356,18.367,31.459,51.559,71.556,74.873,83.514,90.119,100,111.916,125.613,139.218,156.607,172.059,190.719,205.795,244.847,253.845,282.212,337.367,370.716,411.378,444.944,542.832,658.455,858.625,"1,147.51","1,327.54","1,615.26","2,123.49","2,750.16","2,773.76","3,714.56",2022
474,YEM,PCPIPCH,Yemen,"Inflation, average consumer prices",Percent change,Units,n/a,n/a,n/a,n/a,n/a,n/a,n/a,n/a,n/a,n/a,n/a,44.913,51.2,61.746,71.277,63.892,38.785,4.635,11.542,7.909,10.964,11.916,12.239,10.831,12.49,9.867,10.845,7.905,18.976,3.675,11.175,19.544,9.885,10.968,8.159,22,21.3,30.4,33.645,15.689,21.673,31.464,29.511,0.858,33.918,2022
474,YEM,PCPIE,Yemen,"Inflation, end of period consumer prices",Index,Units,n/a,n/a,n/a,n/a,n/a,n/a,n/a,n/a,n/a,n/a,n/a,n/a,n/a,n/a,34.925,54.902,69.85,74.774,83.68,92.201,100,122.35,127.647,144.996,159.469,179.368,193.469,215.075,238.294,259.342,291.722,359.323,380.184,411.132,452.268,606.039,678.158,994.857,"1,351.91","1,370.37","1,962.76","2,951.95","2,872.82","3,555.69","3,873.42",2022
474,YEM,PCPIEPCH,Yemen,"Inflation, end of period consumer prices",Percent change,Units,n/a,n/a,n/a,n/a,n/a,n/a,n/a,n/a,n/a,n/a,n/a,n/a,n/a,n/a,n/a,57.2,27.226,7.05,11.91,10.184,8.458,22.35,4.33,13.591,9.981,12.478,7.861,11.168,10.795,8.833,12.486,23.173,5.806,8.14,10.005,34,11.9,46.7,35.89,1.366,43.228,50.398,-2.68,23.77,8.936,2022
754,ZMB,PCPI,Zambia,"Inflation, average consumer prices",Index,Units,0.011,0.012,0.014,0.017,0.02,0.028,0.041,0.058,0.085,0.181,0.351,0.65,1.604,4.146,6.056,7.961,11.033,13.396,16.432,20.352,25.255,30.649,37.465,45.483,53.655,63.488,69.213,76.587,86.122,97.655,105.956,115.13,122.7,131.263,141.515,155.818,183.662,195.742,210.412,229.666,265.798,324.329,359.983,399.166,458.983,2022
754,ZMB,PCPIPCH,Zambia,"Inflation, average consumer prices",Percent change,Units,11.729,13.997,12.495,19.692,20.019,37.43,47.986,43.035,45.818,113.161,93.873,85.28,146.714,158.403,46.073,31.456,38.581,21.418,22.664,23.861,24.091,21.357,22.239,21.4,17.969,18.325,9.017,10.655,12.449,13.392,8.5,8.658,6.575,6.978,7.811,10.107,17.87,6.577,7.495,9.151,15.733,22.021,10.993,10.885,14.986,2022
754,ZMB,PCPIE,Zambia,"Inflation, end of period consumer prices",Index,Units,0.009,0.01,0.012,0.014,0.017,0.023,0.033,0.048,0.074,0.169,0.331,0.66,1.853,4.227,5.848,8.537,11.543,13.688,17.871,21.559,28.048,33.287,42.159,49.394,58.039,67.239,72.779,79.28,92.409,101.557,109.58,117.47,126.078,135.08,145.7,176.46,189.64,201.18,216.99,242.42,289.04,336.31,369.6,418.03,488.04,2022
754,ZMB,PCPIEPCH,Zambia,"Inflation, end of period consumer prices",Percent change,Units,n/a,13.997,12.495,19.692,20.019,37.43,41.615,47.028,54.042,128.294,96.008,99.651,180.715,128.105,38.355,45.98,35.21,18.581,30.567,20.633,30.1,18.678,26.654,17.161,17.502,15.851,8.239,8.933,16.56,9.9,7.9,7.2,7.328,7.14,7.862,21.112,7.469,6.085,7.859,11.719,19.231,16.354,9.899,13.103,16.748,2022
698,ZWE,PCPI,Zimbabwe,"Inflation, average consumer prices",Index,Units,160.147,169.046,170.043,155.671,152.78,128.32,142.006,160.161,158.468,152.372,154.421,134.125,130.104,130.594,126.988,146.324,155.112,153.614,110.566,95.716,100,62.802,41.17,37.644,80.396,55.053,73.207,19.964,51.3,54.489,56.148,58.097,60.258,61.241,61.111,59.638,58.709,59.242,65.526,232.807,"1,530.03","3,037.82","8,912.93","68,394.36","5,71,849.46",2024
698,ZWE,PCPIPCH,Zimbabwe,"Inflation, average consumer prices",Percent change,Units,n/a,5.556,0.59,-8.452,-1.857,-16.01,10.666,12.785,-1.057,-3.847,1.345,-13.143,-2.998,0.376,-2.761,15.227,6.006,-0.965,-28.023,-13.431,4.475,-37.198,-34.445,-8.565,113.569,-31.522,32.974,-72.729,156.964,6.216,3.045,3.47,3.72,1.632,-0.213,-2.41,-1.558,0.907,10.607,255.292,557.21,98.546,193.399,667.361,736.106,2024
698,ZWE,PCPIE,Zimbabwe,"Inflation, end of period consumer prices",Index,Units,n/a,n/a,n/a,n/a,n/a,n/a,n/a,n/a,n/a,n/a,n/a,n/a,n/a,n/a,n/a,n/a,n/a,n/a,n/a,n/a,n/a,n/a,n/a,n/a,n/a,n/a,n/a,n/a,59.153,54.616,56.373,59.146,60.87,61.072,60.586,59.087,58.557,60.566,86.048,534.489,"2,397.64","3,853.90","13,248.15","1,16,424.26","9,16,066.91",2024
698,ZWE,PCPIEPCH,Zimbabwe,"Inflation, end of period consumer prices",Percent change,Units,n/a,n/a,n/a,n/a,n/a,n/a,n/a,n/a,n/a,n/a,n/a,n/a,n/a,n/a,n/a,n/a,n/a,n/a,n/a,n/a,n/a,n/a,n/a,n/a,n/a,n/a,n/a,n/a,n/a,-7.67,3.217,4.92,2.914,0.331,-0.796,-2.473,-0.898,3.43,42.074,521.15,348.586,60.737,243.76,778.796,686.835,2024
